Potential_Name,Frequency
子牙,1742
楊戩,689
黃飛虎,424
西岐,394
聞太師,362
武王,362
諸侯,314
雷震子,244
李靖,239
殷郊,230
殷洪,185
姜子牙,183
姜尚,180
鄧九公,177
張奎,155
元帥,148
姬昌,144
呂岳,144
金光,143
黃天化,142
袁洪,139
廣成子,130
韓榮,119
武成王,117
封神,115
申公豹,105
童子,104
文武,103
洪錦,101
武吉,100
鄭倫,96
張桂芳,95
侯虎,93
孔宣,92
周營,91
楊任,89
蘇護,87
晁田,83
鄧嬋玉,83
童兒,79
寶劍,79
謝恩,77
姜文,77
師叔,75
雲霄,74
費仲,71
高明,66
黃明,65
士卒,64
封神榜,61
方弼,61
東伯侯,60
韋護,59
陳奇,59
太鸞,57
晁雷,54
白鶴,54
蘇侯,54
黃妃,53
卞吉,53
梅山,53
張山,52
萬仙陣,52
黑虎,51
黃將軍,50
宜生,49
許之,49
周兵,49
小姐,48
玉虛,48
馬氏,48
賈氏,48
丘引,47
徐芳,47
龍吉,46
姜元帥,46
文殊,45
黃天祥,45
白光,44
玉虛宮,44
敖光,44
靈聖母,43
歐陽淳,43
玄妙,42
玉鼎,41
姜桓楚,40
黃巾,40
黃龍,40
蘇全忠,39
德真君,39
道德,37
竇榮,37
胡升,37
玉麒麟,36
魯仁傑,36
尤渾,35
伯邑考,35
歸周,34
王魔,34
馬善,34
徐蓋,34
姜后,33
西岐城,33
陳桐,33
魏賁,33
安吉,33
吳龍,33
普賢,31
老將軍,31
余化龍,31
立功,30
魯雄,30
帥府,30
鄧忠,30
明白,29
姬伯,29
洪福,29
古云,29
鄧昆,29
高蘭英,29
南伯侯,28
全忠,28
壽仙宮,28
元山,28
師伯,28
左道之,28
金斗,28
梅伯,27
鄂崇禹,27
一聲,27
黃天祿,27
桂芳,27
柏鑑,27
胡雷,27
碧霄,27
常昊,27
元配,26
老夫,26
劉乾,26
寶貝,26
烏雲仙,26
朱子,26
金霞,25
陳塘關,25
言語,24
姜環,24
元戎,24
銀安殿,24
金蛟,24
瓊霄,24
師尊,23
辛環,23
姚天君,23
仁德,22
天祥,22
馬元,22
余德,22
玉石,21
干戈,21
王大怒,21
師兄,21
南宮适,21
張天君,21
丹藥,21
聞仲,20
賀畢,20
安康,20
仁兄,20
周公旦,20
張鳳,20
李興霸,20
鴻鈞,20
王豹,20
青鸞,19
丹墀,19
巧言,19
應彪,19
安營,19
雷開,19
雷二,19
鄧九,19
紅沙陣,19
陳庚,19
芮二侯,19
帝王,18
辛甲,18
侍兒,17
何忍,17
德之士,17
真君,17
金雞嶺,17
白猿,17
徐徐,17
湯營,17
馬忠,17
芮吉,17
伏羲,16
鄂順,16
三太子,16
王相,16
太甚,16
諸侯齊,16
吉立,16
飛廉,16
羅宣,16
金大升,16
祖宗,15
馬搖戟,15
趙丙,15
杜元銑,15
安民,15
聞兄,15
袁天君,15
曹寶,15
九公,15
李奇,15
周武,15
金靈聖母,15
殷成秀,15
丁策,15
王克商,15
顯慶殿,14
孔雀,14
龍環,14
黃庭,14
飛彪,14
董天君,14
孫天君,14
楊文輝,14
季康,14
木二吒,14
侯姬昌,13
黎民,13
九霄,13
信妲己,13
雷震,13
雷鳴,13
洪恩,13
慈航,13
蕭銀,13
黃旗,13
玉泉山,13
王師,13
鄧華,13
爾其欽,13
朱天麟,13
楊妃,12
侯蘇護,12
龍德殿,12
鄭倫見,12
王府,12
翠屏山,12
宋異,12
黃鉞,12
黃總兵,12
黃飛彪,12
言子牙,12
金蓮,12
金木,12
金霞洞,12
陶榮,12
趙江,12
陳九公,12
玉如意,12
鄧元帥,12
安邦,11
飛虎兵,11
白雲,11
謝曰,11
黃飛,11
那一,11
那道人,11
齊齊,11
明君,11
老爺,11
水遁,11
黃元帥,11
方天戟,11
余慶,11
楊森,11
望老師,11
紅水陣,11
姚斌,11
蕭升,11
周信,11
劉甫,11
苟章,11
劉環,11
崔英,11
余達,11
余光,11
侯爵,11
趙啟,10
白玉,10
翩翩,10
武王伐,10
瑞雪,10
老君,10
賀功,10
宗廟,10
齊鳴,10
黃貴妃,10
毛公遂,10
施禮,10
山紫陽,10
富貴,10
大恩,10
太公,10
梅花鹿,10
武成,10
黃滾,10
玄功,10
黃天爵,10
西征,10
地烈陣,10
靈寶,10
龐弘,10
馬至軍,10
汪洋,9
黃元濟,9
左營,9
通紅,9
諸臣,9
明珠,9
仁政,9
方保,9
仁慈,9
東進五,9
金丹,9
靈鷲山,9
蓬萊,9
白馬,9
胡喜媚,9
武王命,9
神柏鑑,9
薛惡虎,9
玉磬,9
姚少司,9
孫見,9
姬叔明,9
蔣雄,9
李平,9
雲霞獸,9
卞金龍,9
姚庶良,9
郭宸,9
董忠,9
托孤,8
黃氏,8
宮朝賀,8
蒙聖恩,8
金鎖甲,8
孫子羽,8
修仙,8
金闕,8
伯夷,8
殷夫人,8
碧雲,8
森森,8
黃鄧,8
白蓮,8
金塔,8
馬來,8
南將軍,8
金鰲,8
凡夫,8
王侯,8
梅花,8
施威,8
吳謙,8
老叔,8
鹿角,8
左道傍,8
伏虎,8
姜師叔,8
趙天君,8
王天君,8
羅浮洞,8
趙道兄,8
張紹,8
鄧秀,8
于孟津,8
李錦,8
錢保,8
大鵬,8
柏顯忠,8
祝文,8
孔宣見,8
文聘,8
孫來,8
彭遵,8
雷鵬,8
彭祖,8
戴禮,8
馬兆,8
德政,7
費仲奏,7
安然,7
蘇氏,7
王臣,7
天恩,7
問妲己,7
聽妲己,7
齊天,7
雲霄洞,7
太姬,7
吉兆,7
賀喜,7
李艮,7
敖丙,7
蒙恩,7
包羅萬,7
孫氏,7
牛馬,7
奧妙,7
瑞彩,7
官居,7
愛卿,7
龍虎,7
何干,7
黃家,7
黃家眾,7
立武王,7
張節,7
玉虛門,7
青蓮寶,7
王貴人,7
望元帥,7
韓變,7
余兆,7
楊顯,7
伯爵,7
侯崇侯,6
古語云,6
鳳鳴,6
天祿,6
春雷,6
秋霜,6
烏雲,6
恩愛,6
寧宇,6
玉宇,6
蘇妲己,6
望將軍,6
周旋,6
王之子,6
太師府,6
殷破敗,6
雲光,6
聞言,6
桓楚,6
伯父,6
白蓮花,6
寶塔,6
高姓大名,6
柴薪,6
齊聲,6
姜老爺,6
言正合,6
尋思,6
申傑,6
但凡,6
夏招,6
任爾,6
立大功,6
余化,6
周武王,6
屈膝,6
姬叔乾,6
金甲,6
姬叔,6
高友乾,6
玄中,6
上一,6
碧玉,6
寒冰陣,6
封侯之,6
武王乃,6
紅旗,6
青鸞斗,6
丹藥敷,6
紫綬仙,6
有德者,6
胡雲鵬,6
余忠,6
姬諱叔,6
武王弟,6
白旗,5
宮妃,5
侍君,5
玉佩,5
北伯侯,5
紀綱,5
梅武,5
紅霞,5
冷汗,5
朱唇,5
曹州,5
鄭將軍,5
安寢,5
秋波,5
同妲己,5
玉兔,5
侍御官,5
溫慰,5
梁棟,5
安危,5
冷笑,5
軒轅廟,5
盛德,5
白鶴洞,5
關外,5
陳塘,5
寶德門,5
紅雲,5
紫霄宮,5
軒轅,5
海翻江,5
聽得,5
成聖,5
老叟,5
姜先生,5
張掛,5
汝父,5
望丞相,5
何顏,5
雨順,5
仰天,5
祁恭,5
鹿鳴,5
美玉,5
方肯,5
又是一,5
平靈王,5
白鉞,5
諸侯歸,5
吉辰,5
太師聞,5
西岐見,5
寒冰,5
翠竹,5
聞太,5
碧遊,5
青雲劍,5
刁斗,5
金剛,5
莫道,5
金甲紅,5
金鞭,5
何名,5
應天順,5
袁角,5
董全,5
龍索,5
沈吟,5
成湯營,5
關總兵,5
白晝,5
陰陽鏡,5
周王,5
鄭倫答,5
寶杵,5
方景春,5
弗敬,5
孔宣笑,5
姜尚兵,5
王信,5
余先,5
馬遂,5
玉符,5
招賢,5
侯崇應鸞,5
武庚,5
黃帝,4
帝乙,4
楊氏,4
滿朝,4
華麗,4
侍駕官,4
寧息,4
太后,4
陰雲,4
容納,4
蘇護聞,4
修德,4
明正其,4
楊柳,4
左哨,4
黃金甲,4
探馬報,4
黃昏兵,4
馬進城,4
玄理,4
英勇,4
弓弩,4
福祿,4
白雲飛,4
松柏,4
秋水,4
杜太師,4
梅伯聽,4
史官,4
黎老,4
望老爺,4
特敕,4
龍鳳劍,4
侍奉,4
儲君,4
宮闕,4
宿一宵,4
殷將軍,4
言姬昌,4
榮歸,4
太姜,4
望闕,4
雷聲,4
碧瓦,4
靈霄殿,4
波濤,4
寶殿,4
龍鳳,4
查明,4
望東,4
莫知,4
元覺洞,4
別師尊,4
諸侯會,4
萬民,4
謝子牙,4
況吾,4
忠臣孝子,4
殷商,4
文武官,4
神武,4
侍臣,4
紅杏,4
孤與卿,4
武吉來,4
花柳,4
黃鷹,4
戈戟,4
忻悅,4
千秋,4
柳絮,4
陳青,4
施恩,4
陳繼貞,4
西江月,4
慈孫,4
姜尚之,4
國恩,4
王夫人,4
安枕,4
西岐武,4
陳將軍,4
蒙將軍,4
金鐘,4
孫兒,4
祥雲,4
了一,4
天罡,4
滑喇喇,4
戈矛,4
白雪,4
成大功,4
金庭山,4
玉屋洞,4
王變,4
鄧將軍,4
陶四,4
武王聞,4
崔嵬,4
玄都洞,4
秦完,4
慧眼,4
伏兵,4
那童兒,4
孫答,4
白鶴絳,4
張謙,4
飛廉奏,4
蘇侯令,4
馬大呼,4
玄中妙,4
武榮,4
姜尚會,4
溫良,4
洪錦傳,4
華夷,4
孟春,4
伏惟尚,4
林軍,4
居之,4
孔宣大,4
湯旗,4
大元帥,4
金靈聖,4
徐將軍,4
青雲,4
王佐,4
張奎聞,4
于南巢,4
柳鬼,4
袁洪命,4
孫德,4
文煥,4
姜君侯,4
老婆子,4
子爵,4
承平,3
唐虞,3
於天子,3
姜氏,3
高擎,3
福神,3
瑞靄,3
福德,3
雨順風,3
鳳凰,3
仁義,3
諸侯俱,3
宣猷,3
蘇護聽,3
依卿,3
遠徵,3
蘇護乃,3
諸侯朝,3
侯虎領,3
汪洋大海,3
萬仞,3
青驄,3
鄭倫自思,3
鐘鼓齊,3
官啟駕,3
卿榮,3
修真,3
烏兔,3
蒼顏,3
官居顯爵,3
司天台,3
侍御宮,3
何足惜,3
揚鞭,3
官啟,3
楊貴妃,3
蒙老爺,3
金殿,3
晁雷見,3
白虎殿,3
殷洪乃,3
金石,3
西岐聖,3
夏桀,3
汝其欽,3
和睦,3
諸卿,3
平添,3
鄂賢伯,3
尤二臣,3
姬昌乃,3
國祚,3
晁將軍,3
普照,3
宮殿,3
龍王,3
凡夫俗子,3
乾元,3
靈霄,3
綠柳,3
望師父,3
寶劍望,3
玄黃,3
山紅土,3
池中,3
白雲深,3
望空,3
黃金,3
老拙,3
寶雲光,3
宋家庄,3
吉人天相,3
伯伯,3
小娘子,3
石硯,3
姜尚乃,3
侯虎監,3
張總兵,3
姜尚來,3
汝乃,3
蒙丞相,3
師徒,3
諸侯之,3
聞命,3
宣至殿,3
有君臣,3
克守臣,3
何官,3
仁人君子,3
雨露,3
聞知,3
森羅,3
有一,3
馬如,3
傑士,3
尹籍,3
西岐眾,3
伊尹,3
高宗,3
李白,3
常桑,3
武吉聽,3
思之,3
朱纓,3
帝堯,3
伯達,3
伯适,3
西風,3
生之幸,3
姜尚相,3
侯虎奏,3
白石,3
青霄,3
諸侯入,3
海宇,3
聞奏大悅,3
張威,3
探馬來,3
蓋聞,3
黃眉,3
李氏,3
丹鳳,3
姚中,3
寶劍鋒,3
那道童,3
何懼之,3
黃光,3
馬似蛟,3
苗裔,3
紅珠,3
老柏,3
化一,3
香馥馥,3
朱砂,3
祖母,3
雲梯,3
楊道兄,3
韓榮聞,3
如玉,3
聞太師勒,3
石碣,3
三聲,3
滿天張,3
玄鳥,3
白鹿島,3
碧桃,3
老師那,3
金橋,3
雷部正,3
金鐘聲,3
玉龍,3
南柯,3
喬坤,3
白虎,3
金龍,3
戴魚,3
從那,3
寶劍飛,3
姜公,3
一條,3
復一,3
米粒之珠,3
朱雀,3
玄武,3
弓上弦,3
武王安,3
孫同,3
玄門,3
孫那,3
言之士,3
孫亦,3
歸順,3
雙眉,3
雷翅飛,3
于天,3
馬元笑,3
馬元見,3
別子牙,3
蘇家,3
冉冉,3
張山聞,3
張將軍,3
西岐門,3
連馬,3
池金母,3
胡喜妹,3
洪錦見,3
維大周,3
永清,3
越厥志,3
湯有光,3
乾剛,3
黃飛豹,3
洪將軍,3
伏道傍,3
聞元帥,3
孫合,3
伏鞍,3
孔宣大怒,3
洪錦方,3
謝畢,3
黃飛虎一,3
真玄,3
孔宣知,3
甘休,3
孔宣忙,3
洪錦大怒,3
諸大,3
孫寶,3
小將軍,3
王虎,3
姜尚門,3
李道兄,3
托劍,3
孟津之,3
屠城,3
卞吉進,3
淳大怒,3
卞吉見,3
李通,3
孤城,3
武王兵,3
張奎正,3
才兼文武,3
黑狗,3
寶乃,3
徐仁,3
竇榮忙,3
韋護監,3
封之,3
神引,3
神上,3
陳諱,3
李諱,3
姚諱,3
姜姓,3
佐文,3
封其裔,3
牧馬華,2
樂堯舜,2
湯伐桀,2
桑林,2
小諸侯,2
諸侯領,2
聞仲奉,2
金鑾殿,2
國祚綿,2
宮進香,2
光耀,2
帝京,2
雲童兒,2
化清風,2
諸侯皆,2
宣四鎮,2
王慰勞,2
宣費仲,2
況臣,2
永保,2
蘇護大怒,2
家將,2
于飛,2
懷忠義,2
仁義素,2
立殿,2
侯謝恩,2
王言,2
於諸侯,2
宣花斧,2
蘇護問,2
蘇護大,2
子崇應彪,2
陳季貞,2
言崇侯,2
侯虎長,2
子應彪,2
映徵夫,2
連天,2
侯虎護,2
曉暢,2
武揚威,2
銀尖戟,2
聞君侯,2
鄭倫鼻,2
言二侯,2
鄭倫正,2
侯虎聽,2
姬伯乃,2
金帛,2
黑虎道,2
母之子,2
杜鵑,2
托賴,2
費仲進,2
費仲乘,2
王命,2
王法,2
朱顏,2
老狐,2
木劍,2
王母,2
公卿,2
步罡,2
高峰,2
松樹削,2
松樹,2
司天,2
嘉善,2
燮理,2
和鼎鼐,2
任信妲,2
康寧,2
黃鄧鄧,2
汝之,2
耿耿,2
諸侯聞,2
宮嬪妃,2
何愁,2
若事成,2
萬夫,2
費仲問,2
費仲聞,2
成王,2
宿殿,2
慈祥,2
仁愛,2
毋得,2
承嗣大,2
恩寵,2
代天,2
晁雷押,2
楊容,2
晁雷領,2
今妲己,2
晁田奏,2
吳炎,2
雷開點,2
黃老爺,2
齊伐,2
內又,2
林泉,2
殷洪聞,2
老千,2
顏直諫,2
克勤克,2
宗嗣,2
王克勤,2
克儉,2
於君,2
何策,2
諸侯知,2
周有三母,2
雲生,2
姬賢伯,2
宣詔,2
凌辱,2
況姬昌,2
子孝父慈,2
何安,2
楊任奏,2
官魯雄,2
侯之子,2
侯榮,2
姬伯量,2
滿斟一,2
又飲數,2
昌奏,2
仰德,2
昌言,2
尤渾奏,2
望玉虛,2
昌期,2
李總兵,2
子之心,2
李艮乃,2
寶德,2
布雨興雲,2
凌空,2
常青,2
金碧,2
朱門,2
伏道,2
紫巍巍,2
饒命,2
弓馬,2
紅光繚,2
麻履絲,2
匡襄,2
宇軒,2
金磚,2
方泄吾,2
寶金蓮,2
祥雲繚,2
熊夢,2
師叔姜,2
林飛,2
庄童,2
施體,2
申初,2
週而,2
張張,2
柴來,2
太湖石,2
丹田,2
司天監,2
福庇,2
姜尚奏,2
姜尚蒙,2
張老爺,2
張鳳聽,2
韓榮命,2
德如淵,2
西岐萬,2
納貢,2
何妙策,2
方消吾,2
宣上樓,2
費尤,2
尤二,2
費仲府,2
希圖,2
法外施仁,2
黃爺,2
王之德,2
王爵,2
聞一聞,2
玉柱,2
侯姬,2
王之命,2
望西,2
糜爛其,2
黃菊,2
夜夢飛,2
龍虎風,2
祖貫,2
武吉言,2
王朝,2
武吉答,2
亦且,2
仰觀,2
山澤,2
杜宇,2
葉舞清,2
青錦,2
白吉,2
花彪,2
茹毛,2
憶昔成,2
馬至,2
王駕,2
林木,2
隆禮,2
迎子牙,2
過謙,2
凌雲,2
香馥,2
光輝,2
龍心大悅,2
官上,2
石洞,2
仲冬,2
雲迷,2
楊花,2
嚴冬,2
孫俱,2
唐突,2
福慧,2
宣上,2
齊上馬,2
太師遠,2
太師奏,2
恩澤,2
師奏凱,2
天顏,2
招安,2
太師笑,2
雲霞,2
鳳閣,2
忻然,2
居天子,2
侯虎之,2
馬搖斧,2
王叔,2
九雲冠,2
孫榮,2
王兄,2
周文王,2
王化,2
賈氏奏,2
太謙,2
賈氏進,2
齊言,2
柳葉甲,2
老邁,2
張鳳敗,2
紫陽洞,2
莫耶寶,2
賀申,2
馬上,2
關黃,2
飛虎答,2
寶玉,2
黃滾見,2
黃老將軍,2
王乃仁,2
歸武王,2
布開人,2
余化答,2
蒼龍,2
余化撥,2
二將,2
蓋世,2
余化見,2
容顏,2
王公,2
宣子牙,2
太師乃,2
晁雷答,2
晁雷大怒,2
黃某,2
翠藍,2
鳳翅,2
玉樹,2
瑞鸞翔,2
寶劍光,2
武吉回,2
王道,2
二上,2
龍生,2
花瑤,2
楊森二,2
仲忽,2
左軍,2
嚴威,2
莫言,2
爾曾,2
迎武王,2
西岐姜,2
碧水,2
軒昂,2
張牙,2
望西岐,2
雲冠,2
王長男,2
金打玉,2
於汜水,2
尚有何,2
龍鱗,2
藍如翠,2
古木喬,2
陶天君,2
辛天君,2
辛環答,2
望太師,2
鄧天君,2
若巨雷,2
陶二,2
幸天緣,2
幸逢,2
榮焉,2
老龍吟,2
赫赫,2
伏辜,2
鄧忠答,2
望子牙,2
連搖數,2
莫辨,2
辛環飛,2
武王姬,2
翠柏,2
修竹,2
聞道兄,2
智勇,2
雙鎖,2
石中火,2
饒君,2
小可,2
武王亦,2
老師往那,2
玉笛,2
楊戩啟子,2
麻姑洞,2
靈鷲,2
雷祖,2
黃斑鹿,2
玉虛教,2
步鹿,2
羅天,2
孫隨,2
湯營裏一聲,2
玉京金,2
湯之,2
孫天,2
步向前,2
趙老爺,2
花白,2
連勝,2
道者,2
曹寶忙,2
寶珠,2
湯大營,2
道乃西,2
諸友,2
葉蓮舟,2
武王依,2
紅沙,2
雷翅,2
柏森森,2
花翎,2
碧遊宮,2
迎鸞,2
祥雲托,2
明香,2
齊進,2
德之君,2
卻往那,2
連吾,2
孫謝,2
王貞,2
正正之旗,2
法紀安,2
依吾愚,2
公大怒,2
女嬋玉,2
馬一撥,2
孫笑,2
孫賓鐵,2
謝老師,2
武王駕,2
孫辭,2
孫赤,2
楊戩智,2
喬松,2
玄猿,2
孫大怒,2
周臣,2
詩單,2
斯言,2
今元帥,2
吉日良辰,2
候子牙,2
孫得令,2
單道子,2
令子牙,2
韓榮本,2
何良策,2
西岐姬,2
探馬,2
鄧蟬玉,2
孫大呼,2
蘇侯見,2
鄭倫扶,2
呂道,2
西岐一郡,2
青鸞丹,2
周伐,2
柴胡,2
呂岳聞,2
呂老爺,2
成仙之,2
蒼苔,2
殷洪忙,2
龐弘答,2
申公,2
殷洪答,2
畢環,2
殷洪見,2
殷洪笑,2
伊戚,2
辜恩,2
子何,2
馬元仗,2
馬元大怒,2
蒼天,2
糜鹿,2
浮屠,2
子道兄,2
連吾師,2
鄭倫大,2
真狗彘,2
李定,2
智多謀,2
官洪錦,2
馬嘶,2
了些,2
麻履,2
紫雲崖,2
王東征,2
石磷磷,2
馬如飛,2
白龍馬,2
汝弟,2
黑靄靄,2
羅宣問,2
魚尾冠,2
羅宣正,2
相生相,2
羅宣大怒,2
映日明,2
同仁,2
玉階,2
成日,2
英俊,2
侯旨,2
言洪錦,2
洪錦問,2
洪錦聽,2
洪錦自思,2
幸吾,2
那寶貝,2
武王覽,2
大勳,2
齊至,2
元帥登,2
扶子牙,2
鳳尾,2
惠民,2
卿士,2
明王,2
克成厥勳,2
劍上,2
呂望,2
姜尚何,2
珮聲,2
達兆光,2
黃天化上,2
令下,2
採薇,2
大紅寶,2
張山陣,2
孔宣傳,2
孔宣聽,2
孔宣背,2
托天叉,2
西岳,2
東岳,2
孔宣聞,2
金紐索,2
于元帥,2
孔宣原,2
寶妙樹,2
高爵厚,2
洪錦令,2
洪錦正,2
丘鳴,2
馬望,2
左有,2
母那,2
青青,2
清芬,2
姜尚東,2
蒼頡,2
馬飛臨,2
關之策,2
生四子,2
岳丈,2
今大兵,2
蓬萊山,2
蓬萊島,2
孫方欲,2
師尊來,2
能之士,2
封疆,2
關內,2
鄭倫來,2
鄭倫知,2
幸遇,2
子之命,2
長出一,2
掌心雷,2
須彌山,2
雷鳴風,2
玉清,2
花貫,2
姜尚興,2
南巢,2
封爵,2
馬搖,2
姜尚耳,2
呂道長,2
妙哉,2
伏義,2
雲遊,2
青蓮,2
花托,2
正欲,2
翠藍旗,2
井木犴,2
牛金牛,2
龍坎虎,2
亢金龍,2
房日兔,2
危月燕,2
張月鹿,2
施勇,2
凱歌,2
桂天祿,2
公孫鐸,2
胥氏,2
卞吉撥,2
靜鞭,2
保周滅,2
卞將軍,2
芮侯,2
鄧昆笑,2
張膽,2
芮吉笑,2
侯歸周,2
卞吉大驚,2
了此,2
湯之恩,2
鄭樁,2
袁洪奏,2
韋護領,2
姚楚亮,2
武高逵,2
能承繼,2
夏政,2
袁洪笑,2
伯侯,2
小河,2
湯羊,2
袁洪化,2
柳根,2
老其師,2
袁洪見,2
那裏來了一,2
鄔將軍,2
雷開二,2
幸毋,2
竇將軍,2
寶擒,2
諸侯圍,2
扶周,2
隆盛,2
托梁,2
憶昔,2
香靄,2
王之仁,2
侍衛,2
宦寺,2
列聖,2
封比干,2
蔡叔度,2
金符,2
姜某,2
封其,2
天君,2
德星君,2
殷諱,2
天貴星,2
柏諱,2
黃諱,2
彭諱,2
慧星,2
孔諱,2
爾殷郊,2
永欽,2
永修,2
周文,2
武師,2
周太王,2
夏禹,2
於汲郡,2
於東平,2
古先,1
子天丑,1
巢賢,1
軒轅禮,1
禹王,1
洪波,1
南巢拯,1
修宗廟,1
無淵,1
周輔,1
文考末,1
武王善,1
於成湯,1
天挺,1
英靈尊,1
成湯乃,1
簡狄祈,1
玄鳥之祥,1
封於商,1
聞伊尹,1
於有莘,1
湯解其,1
漢南聞,1
湯德至,1
尹乃相,1
於南巢,1
湯始,1
湯寬仁,1
沃丁,1
太庚,1
小甲,1
仲丁,1
祖乙,1
祖辛,1
沃甲,1
祖丁,1
南庚,1
陽甲,1
盤庚,1
武丁,1
祖庚,1
祖甲,1
丁武乙,1
帝乙生,1
於御園,1
飛雲閣,1
壽王托,1
梁換柱,1
壽王,1
文有太師,1
西宮妃,1
居於東,1
袁福通,1
龍光劍,1
赤羽,1
柳曉分,1
翠裘清,1
拜聖明,1
玉鉤,1
龍飛鳳,1
端麗,1
瑞彩翩,1
無有此,1
鳳鸞寶,1
映霞裳,1
於神聖,1
軒轅三聖,1
於寶殿,1
立德,1
碧霞,1
蘆蓋,1
成湯望,1
宣中諫,1
聞太師仲,1
言獻媚,1
費仲朝,1
德配堯,1
何思,1
何憂,1
金鑾直,1
侯伯來,1
有妃,1
樂民,1
於庭,1
道興隆,1
游於苑,1
修其德,1
愛其民,1
望祈容,1
沈思,1
王八,1
那四鎮,1
諸侯乃,1
相公,1
蘇名護,1
吉晨,1
淳龐澆,1
官居總,1
辜聖心,1
何勞聖,1
龍顏,1
於顯慶,1
宣蘇護,1
聞卿,1
蒲柳,1
納言,1
德懋懋,1
克寬克仁,1
信兆民,1
卿大夫,1
汝一女,1
聞之,1
納諫容,1
顏少霽,1
蘇護辭,1
宮為妃,1
宣殷,1
須親征,1
宣魯雄,1
何勞御,1
侯虎乃,1
魯雄奏,1
恩信,1
侯秉節,1
爾姬昌,1
毋得寬,1
侯伯言,1
蘇護朝,1
比乾言,1
丹誠,1
盛世,1
宣吾進,1
於午門,1
侯虎傳,1
侯虎安,1
諸侯為,1
振軍威,1
鳳繡旗,1
侯虎飛,1
丹鳳樓,1
鳳搖頭,1
蘇護見,1
子得勝,1
蘇護傳,1
止侯虎,1
若依末,1
於彼,1
陳季貞統,1
趙丙統,1
馬皆,1
侯虎軍,1
馬聽,1
東衝西,1
夢中聞,1
侯虎休,1
布陣,1
蒼天連,1
侯虎見,1
侯虎敗,1
蘇護得,1
單言崇,1
言末,1
紫雪,1
齊心刀,1
海蛟龍,1
全忠答,1
侯虎聞,1
曹州侯,1
聞長兄,1
曹州兵,1
曹州崇,1
黑虎兵,1
黑虎武,1
黑虎曾,1
全忠那,1
藍旗,1
馬上耀,1
全忠賢,1
全忠乃,1
湛金,1
費經營,1
寶安,1
全忠定,1
黑虎聞,1
張開口,1
侯虎大怒,1
雷霆,1
況護,1
蘇兄,1
侯虎道,1
侯兵,1
鄭倫候,1
侯勝,1
子命崇,1
侯虎伐,1
汝眾,1
任諸公,1
蘇護言,1
鄭倫聽,1
路逢邪,1
老祖,1
成武,1
曾拜西,1
黑虎觀,1
黑虎怒,1
鄭倫休,1
倫至殿,1
黑虎簇,1
蘇護尊,1
鄭倫眾,1
蘇護謝,1
鄭倫擒,1
侯虎自思,1
侯之命,1
侯忠義,1
達君侯,1
望君侯,1
昌聞,1
公卿士,1
昌素聞,1
公忠義,1
官居國,1
公若,1
幸賢侯,1
修書贈,1
姬伯之,1
費仲良,1
蒙賢弟,1
蘇護果,1
肯朝王,1
謝黑虎,1
令尊,1
惜一女,1
姬伯來,1
令妲己,1
子母,1
保妲己,1
紅杏園,1
蘇護將妲,1
諸侍兒,1
干虎嘯,1
謝柳,1
山精,1
紫霞,1
蘇護先,1
蘇護進,1
金亭,1
賴卿,1
曉蒼蒼,1
波鳳,1
侯虎奉,1
費仲一語,1
宣妲己,1
烏雲疊,1
九天仙女,1
玉闕,1
加俸,1
鳳友鸞,1
章奏,1
蕭疏,1
樓閣,1
金輝,1
花迎,1
白鶴歌,1
柳拂青,1
任遨遊,1
石爛松,1
況君,1
任東西,1
智慧,1
雲散,1
慧之大賢,1
樂林泉,1
谷兮,1
延齡,1
樂自,1
今兮,1
白發,1
吉兮明,1
福兮,1
於帝闕,1
於雷門,1
神欽,1
陰消兮,1
陽長兮,1
青鸞直,1
白鶴遊,1
言大悅,1
於禁闥,1
巨闕,1
於陰陽,1
操戈,1
祿千鍾,1
結秋蘭,1
雅懷,1
東升,1
金烏西,1
強啟朱,1
寶劍高,1
白白,1
寶劍智,1
曉霜,1
今特,1
宮啟奏,1
特進宮,1
官杜元,1
特進木,1
托天,1
莫能自安,1
老巨,1
伯乃,1
梅伯隨,1
梅伯口,1
聞堯王,1
於武,1
樂於深,1
仰聖君,1
梅伯厲,1
北征,1
張眉,1
梅伯權,1
梅伯禁,1
商容觀,1
壽仙宮前,1
成湯懋,1
敬厥德,1
承天永,1
含哺鼓腹,1
於光天,1
無奈卿,1
卿朝綱,1
商榮,1
元老,1
才俊,1
蒙君,1
天顏成,1
宮歡樂,1
梅伯垢,1
梅伯官,1
聞太帥,1
古云道,1
管齊鳴,1
壽仙官,1
候那,1
一點,1
如妲己,1
樂非奇,1
國有寶,1
司晨,1
立綱,1
毋沉,1
弗自滿,1
特賜美,1
二貴妃,1
楊二貴妃,1
幸御花,1
費仲宣,1
於東魯,1
恩德如山,1
費仲一,1
若老爺,1
姜后忠,1
古之賢妃,1
宣武,1
魯名雄,1
費仲原,1
姜名環,1
九卿,1
宮承旨,1
敬修厥德,1
克諧,1
於分宮,1
克勤克儉,1
姜氏素,1
姜氏乃,1
齊興,1
望賢妃,1
宣黃妃,1
貞靜賢,1
官居東,1
若棄貴,1
況姜后,1
況謀逆,1
安於,1
何法,1
嚴刑酷,1
令貴妃用銅斗一,1
寧可屈,1
若草萊,1
俊彥懷,1
宮太監,1
聞子,1
晁雷取,1
西宮奉,1
晁雷奉,1
楊貴妃那,1
望姜,1
於繡墩,1
聞楊妃,1
晁雷來,1
生二子,1
恩愛付,1
上之德,1
連馨慶,1
晁田領,1
長朝殿,1
於西宮,1
那姜環,1
皇伯憐,1
黃飛虎長,1
湯之嗣,1
若聖旨,1
那方弼,1
田自思,1
晁田奉,1
生則,1
東魯見,1
雷二將,1
雷開追,1
那鎮,1
孤雲,1
那曉,1
軒轅聖,1
宇安宿,1
望聖帝,1
聽的,1
魏闕,1
心懷魏,1
顏極諫,1
馬安,1
雲飛,1
雷開傳,1
齊進廟,1
雷開叫,1
雷將軍,1
戴天之,1
聞者,1
方天爵,1
李燁,1
宿三軍,1
有旨皆,1
天之靈,1
樂臨朝,1
於無疆,1
展於龍,1
金湯,1
初嗣寶,1
修仁,1
敬禮,1
慈愛盡,1
比妲己,1
易主,1
金湯錦繡,1
石柱,1
何愁劍,1
雷起,1
卜世卜,1
趙啟見,1
空禪帝,1
龍墩,1
聞見,1
費仲至宮,1
卿真乃,1
員官,1
安閒,1
聞道姬,1
特詔爾,1
廣開茅,1
官謝,1
畢姬昌,1
明殿,1
內事,1
辛甲諸,1
宣兒,1
於國政,1
元妃,1
母太姜,1
昌之元妃,1
畢公,1
榮公,1
雲翳,1
玉玲瓏,1
白練水,1
雲散雨,1
林子,1
雷過,1
姬伯侯,1
於己,1
姜賢伯,1
聞賢伯,1
萬戶,1
福自德,1
侯虎倚,1
尤渾內,1
鄂伯之,1
姬伯問,1
鄂二侯,1
姚福親,1
姬伯聽,1
姚福問,1
姚福道,1
姚福,1
姬伯勸,1
顏力諫,1
姜門,1
但四侯,1
費仲辭,1
王歸宅,1
侯伯聽,1
桓楚奏,1
日正輝,1
聞聖王,1
於游畋,1
姜后賢,1
司天之,1
納臣,1
魯雄監,1
侯虎素,1
齊七人,1
仁結,1
王力諫,1
王為國,1
桓楚任,1
聞君明,1
於堯天,1
納諫,1
國為民,1
姜桓,1
費仲諫,1
若忠誠,1
闕方歸,1
若昌果,1
釋君侯,1
昌頓,1
姬昌謝,1
聞賢,1
連飲數,1
仲常,1
聞賢侯,1
言之哉,1
姬伯原,1
福蔭,1
何去而,1
侯去而,1
釋臣,1
姬昌奏,1
昌取金,1
錢一,1
於石,1
紅焰,1
莫浪,1
湯宗廟,1
姬昌真,1
侯特奏,1
姬昌頓,1
侯久羈,1
玉札,1
拜西,1
殷氏,1
殷夫入,1
子生,1
關大戰,1
柳嬌禾,1
納涼,1
柳蔭,1
楊風,1
敖光忙,1
何宮,1
羅帕,1
映紅,1
那寶,1
宮殿俱,1
特啟龍,1
何大怒,1
敖丙大驚,1
天王殿,1
孤乃東,1
海龍君,1
龍筋,1
雲布雨,1
李賢弟,1
今在那,1
敖光見,1
李艮亦,1
上玉帝,1
龍王乃,1
施雨正,1
玉帝准,1
寶皆,1
敖光東,1
望祈垂,1
龍中之,1
雲布霧,1
玉橋,1
丹頂鳳,1
明霞燦,1
凌虛殿,1
祿星,1
金霞燦,1
金釘,1
鳳舞,1
明朗朗,1
銀鸞,1
暨瑤,1
龍嘯虎,1
須知邪,1
李門,1
小便,1
敖光一,1
陳清風,1
龍王齊,1
亦明玄,1
雲光帕,1
關之寶,1
紅雲照,1
莫浪誇,1
若道兄,1
乾建,1
花聚頂非,1
白鶴下,1
雲彩輝,1
帕落,1
龍君奏,1
玉帝,1
敖順,1
敖明,1
敖吉正,1
寶貝化,1
托一夢,1
望母,1
托生,1
於天淵,1
托夢,1
龍鳳幡,1
宇騰騰,1
葉梗兒,1
望荷,1
謝師父,1
靈珠,1
金霞風,1
紅錦,1
鎗愰一,1
望前飛,1
李將軍,1
連我也要戳三,1
鄧金,1
莫莫,1
周武興,1
有瑞林,1
姜尚拜,1
望尊師,1
於天,1
訪子賢,1
高庄,1
尚之幸,1
姜姓之,1
馬家,1
員外那,1
長兄那,1
陰陽,1
馬洪,1
承兄,1
賀迎親,1
樂朝歡,1
宋兄,1
生磨些,1
一陣狂風將,1
承兄雅,1
花逢,1
張家酒,1
年庚,1
曉諭軍,1
馬入官,1
木香,1
樂守天,1
方顯龍,1
付於,1
同姆姆,1
安童,1
劉名乾,1
劉乾歇,1
劉乾原,1
依我,1
柴葉,1
劉乾愛,1
小勤謹,1
劉乾言,1
劉大,1
劉乾來,1
劉乾如飛,1
劉乾大呼,1
布衫,1
劉乾大怒,1
劉乾道,1
劉乾辭,1
承兄照,1
老誠,1
何執硯,1
關天,1
容姜尚,1
方得,1
齊言術,1
士愛,1
亞相,1
靜其宮,1
姜尚一,1
姜尚亦,1
姜尚聽,1
封官,1
樓與妲,1
楊修,1
何樂,1
宮人皆,1
諸侯懷,1
敬天畏,1
官居諫,1
齊齊高,1
邱為山,1
池中賞,1
侍于御,1
上畫一,1
若不造此,1
池玉闕,1
姜尚荷,1
何害,1
祿增官,1
尚奏,1
安能長,1
承奉官,1
若造此,1
宣崇侯,1
姜尚造,1
何謂,1
王之道,1
愛育,1
宣楊,1
師保,1
景從,1
楊任忠,1
真君早,1
裏長出兩,1
楊任立,1
蒙真君,1
望真君,1
真君施,1
榮耀西,1
胡思,1
尚望,1
顧戀,1
黃蜂,1
別兄,1
鳳一見,1
鳳問,1
祿之恩,1
今尚觀,1
于君恩,1
汝言,1
姜尚叉,1
天垂,1
武吉災,1
熊夢兆,1
方立,1
白柳村,1
真乃堯,1
貞誠,1
母太姬,1
依允,1
紅杏芳,1
侯旗,1
姬昌子,1
王廷,1
蒙賜,1
真恩,1
何寶,1
東則東,1
西則西,1
仁孝,1
宣比干,1
子伯邑,1
帝覽,1
向比干,1
宣邑,1
那邑,1
子納貢,1
秀眉,1
聞西岐,1
舒衣安,1
安能宮,1
希奇,1
萬壑松濤,1
池鳳闕,1
今親覿,1
帝王之相,1
慧賢明,1
常禮義,1
聞哀,1
諸樂,1
于琴,1
若鋼堅,1
顧傳琴,1
勾邑,1
聞妲己,1
官居司,1
何勞多延,1
掌六宮,1
冰清玉潔,1
何信哉,1
明言,1
祝君,1
壽算永,1
國祚長,1
舒眉,1
粟盈,1
明君兮,1
王遠色,1
諸侯悅,1
寧康,1
史氏,1
侍駕,1
湯錦繡,1
永存,1
若昌,1
黃白,1
止琴聲,1
官將龍,1
特賜賢,1
昌轉達,1
謝恩便,1
姬伯思子,1
莫解迎君,1
謝恩言,1
安逸,1
昌知子,1
昌乃大賢,1
姬發聽,1
于殿廷,1
今公子,1
若臣,1
祁公,1
尹積,1
連姬發,1
諸公,1
胡為,1
姬發,1
茅塞,1
金玉,1
商賈,1
尤渾府,1
費仲笑,1
費仲命,1
士大夫,1
費公,1
望焉,1
祝萬壽,1
黃金百鎰,1
孤臣,1
聞姬昌,1
昌七載,1
尤渾啟,1
依費仲,1
西岐禮,1
加一恩,1
鄂順謀,1
王封,1
才智,1
費仲善,1
姬伯點首,1
姬伯望,1
龍逢雲,1
鳳落,1
別尊顏,1
麥雲,1
麥智,1
蒙天恩,1
之福蔭,1
姬昌朝,1
加祿,1
白玉瓶,1
黃金爐,1
檀香,1
龍鳳珍,1
白杏,1
熊掌,1
那瑤池,1
鳳笛,1
龍飛,1
鳳大紅,1
賀聖人,1
有德賢,1
王榮,1
金石之言,1
吳賢,1
黃公恩羲,1
尤費,1
雲中顯,1
龍飛兆瑞祥,1
餘芳,1
尤爺,1
封彼為,1
何慮,1
尤渾侯,1
王禮,1
謝聖恩,1
姬昌忠,1
祝祈風,1
海枯,1
雷開領,1
馬足騰雲,1
納坎虎,1
師兄道,1
雅韻幽,1
鹿鶴,1
梅子,1
雷子,1
真仙,1
汝之父,1
遲延,1
傑士錯,1
子見那,1
天降雷,1
托遺孤,1
姬侯,1
子圖,1
姬侯生,1
言勇,1
雷二將軍,1
殷雷膽,1
馬匹,1
同吾,1
幸逢吾兒,1
烏悲風,1
太姜命,1
萬民歡,1
過九逵,1
申傑行,1
于夏,1
非昔之夏,1
聖恩兮,1
路逢雷,1
幸濟吾,1
西士兮,1
連灌,1
孤朝,1
長子邑,1
孤獨,1
德貫,1
仁布,1
真如龍,1
宮嬪,1
孤以二卿,1
西土賴,1
子亦,1
昌因直,1
于君,1
今昌,1
榮歸西,1
孤正,1
二卿,1
孤思西,1
常賜錦,1
若浪,1
莫可圖,1
尚言,1
宮定龍,1
班奏,1
鬱鬱耳,1
宜生啟,1
盛之,1
孤開沼,1
雨露之恩,1
席罷,1
東南一,1
方得棟,1
梁才,1
班見禮,1
大賢,1
曾有飛,1
熊入夢,1
夢虎生,1
特欣賀,1
榮半載,1
丁丁,1
柳外,1
黃鶯,1
柴一石,1
易米三升,1
樂守孤,1
揚笑,1
老彭傅,1
騰霄,1
王與侯,1
夏賞荷,1
冬賞梅,1
和你,1
侍衛甲,1
馬御林,1
武吉啟,1
武吉禁,1
止西岐,1
文王演,1
武吉思,1
母無依,1
武吉告,1
母老,1
柴米,1
謝老爺,1
況吉,1
武吉母,1
武吉歸,1
郭驗,1
王相死,1
曉夜,1
金鯉,1
柳內鶯,1
滿天華,1
餘生,1
汝長策,1
武吉深,1
柳舒花,1
韶光,1
尋青,1
尋芳,1
夜兆飛,1
西岐得棟,1
梁之才,1
辛甲保,1
正堯舜,1
桑籃,1
金彪,1
雙鳳翅,1
弓伏弩,1
陽春,1
紫陌,1
樂溪,1
葛始,1
祝網恩,1
曹本,1
洪濤,1
有大賢,1
真乃仁傑,1
一人見一,1
方開口,1
牛牽,1
紫燕,1
龍興雲,1
黎鋤,1
左徒,1
蕭蕭笠,1
甘寒楚,1
終水滸,1
牧笛,1
黎牛耕,1
富貴斜暉,1
春光明媚,1
紅綠,1
高賢志,1
武吉見,1
吉大聲,1
吉乃,1
夢飛熊,1
武吉道,1
軒轅拜,1
敬賢,1
武吉隨,1
布遠猷,1
宿齋,1
熊應兆,1
特賜大賢,1
西岐之,1
福澤,1
封武吉,1
子馬,1
金吾士,1
畢公榮,1
郭外瑞,1
鳳立,1
萬民齊,1
熊仁兆興,1
林外,1
鳳鳴兮,1
望賢,1
王恕尚,1
昌知,1
今特齋,1
昌之幸,1
扶賢士,1
尚乃,1
顧問,1
辜聖意,1
特申,1
文正乃,1
士馬軒,1
吉之辰,1
養老來,1
王冠,1
封子牙,1
凡筌,1
希徒,1
明哲,1
尤翦,1
姬昌若,1
宣侯虎,1
姬昌何,1
若以兵,1
諸侯恥,1
幸之,1
王傳旨,1
湯根,1
扶侍上,1
玉闕珠,1
馬金環,1
屈鬼,1
玉雕,1
華堂,1
綺羅錦,1
須信,1
謝酒下,1
碧天無翳,1
華圓滿,1
大醉,1
滿之辰,1
壽添,1
宣亞,1
席俱朝,1
諸仙,1
蘇妃,1
子孫尊,1
宣陪宴,1
比干上,1
席奉一,1
官再奉一,1
連飲二,1
官奉了三,1
官暫下,1
干領旨下,1
那精連,1
吳乾,1
成湯賢,1
滿樹,1
鳳耳,1
宣比干上,1
比干下,1
帝大悅,1
莫大焉,1
子孫,1
謝恩下,1
連子,1
紫霄,1
托愛卿,1
方遂吾,1
謝妲己,1
金烏,1
金運蟬,1
華散彩,1
有環珮之,1
幸恕,1
真如蕊,1
溫潤潤,1
雲雨,1
心嘉悅,1
方共寢,1
內闕,1
張元,1
立宣見,1
干自思,1
孟氏,1
朝坤,1
吉之言,1
望太廟,1
逕下,1
卜兆,1
逕上,1
干心立,1
夏招上,1
湯之法,1
文武全才,1
墨麒轔,1
官道傍,1
仲遠征,1
諸侯四,1
鄧大圓,1
車御,1
扈擁,1
遠賢良,1
康健,1
辛勤,1
燕巢,1
朽幕耳,1
容臣,1
孫容,1
太師清,1
楊任諫,1
太師兵,1
陳安,1
太師臣,1
聖輔德,1
和洽,1
安仁,1
虞舜,1
子丹朱,1
惜愛軍,1
文敬武,1
子嗣,1
萬民欽,1
國祚靈,1
陳開列,1
官盡忠,1
納忠諫,1
諸侯賓,1
太師方,1
言相告,1
愛君,1
今太師,1
盛開,1
虞廷賡,1
依希,1
柳青,1
祥雲映,1
之榮華,1
鳳尾竹,1
龍爪,1
花五雲,1
魚躍水,1
鹿同春,1
惜花,1
木蘭花,1
丹青,1
飛紫燕,1
池閣,1
龍樓,1
映翠紗,1
香滿,1
邊亭,1
宮齊,1
若臣歡,1
王那,1
言西岐,1
許諸人,1
聞子牙,1
秋毫,1
梅德,1
西岐名,1
周營內,1
馬至陣,1
子鎮,1
真英傑,1
梅德助,1
西岐士,1
德同堯,1
曹州見,1
龍興,1
西岐差,1
姜尚頓,1
候崇將軍,1
但思君,1
侯素,1
仁賢,1
寧至冥,1
姬昌伐,1
周營索,1
列諸侯,1
汝兄,1
黑虎亦,1
侯虎命,1
黑虎百,1
言王兄,1
王宣侯,1
候虎奏,1
方同崇,1
侯虎馬,1
諸侯欲,1
侯乃,1
侯不仁,1
黑虎奉,1
真忠賢,1
恨侯虎,1
左邊子,1
侯虎惡,1
何惡,1
釋其嫂,1
依子牙,1
查府庫,1
黑虎獻兄,1
李仁,1
孤居,1
孤伐侯,1
陽世矣,1
拜子牙,1
孤蒙,1
易傳起,1
仁風光,1
太公望,1
姬發嗣,1
立世子,1
榮大驚,1
姚中見,1
姚先生,1
諸侯見,1
姚中抱,1
清貞成,1
姚中奏,1
姚中知,1
賀正宮,1
宮行禮,1
鳳配山,1
何卑,1
賈氏果,1
賈氏乃,1
別殿,1
賈氏立,1
皇姨謙,1
立奉一,1
紅赤紫,1
賀中宮,1
招國瑞,1
南戰蠻,1
任信,1
了妲己,1
左觀,1
守貞潔,1
子綱,1
南征,1
天下英雄,1
黃明笑,1
列朝班,1
顯耀爵,1
和悅,1
依小弟,1
同三,1
龍蟠鳳,1
紅挺,1
龍三虎,1
馬往,1
路少,1
伊兄,1
齊辭,1
樓乃,1
況語云,1
榮子,1
徐榮,1
顧恩愛,1
徐慶,1
白鶯林,1
張鳳兵,1
神方上,1
閑遊五,1
太師傳,1
桂芳答,1
張鳳得,1
聞仲兵,1
王乘神,1
牛至營,1
今汝父,1
汝居,1
張鳳大怒,1
張鳳大,1
張鳳力,1
張鳳聞,1
張鳳回,1
馬一,1
黃飛虎勇,1
老邁安,1
銀在那,1
蕭銀答,1
蕭銀乃,1
蕭銀乘,1
馬隱,1
張鳳來,1
英才,1
張鳳死,1
陳桐笑,1
陳桐耀,1
陳桐聞,1
光華,1
埃塵,1
陳桐勒,1
黃明馬,1
真君先,1
玄功妙,1
周美棟,1
陳桐飛,1
飛虎聞,1
宛然,1
童助,1
寶劍執,1
乾元百,1
何太遲,1
賀將軍,1
飛虎亦,1
有賢愚,1
相謙,1
飛虎謝,1
盛賜,1
魯酒一,1
雅愛,1
盛愛,1
賓客,1
承蒙,1
雅賜,1
苟且,1
太老爺,1
子飛虎,1
同二爺,1
余化圖,1
韓榮封,1
黃滾布,1
恩榮,1
肖子,1
大變倫,1
黃老兒,1
雨淋,1
烏有,1
吳謙四,1
黃滾醒,1
黃滾笑,1
黃滾忙,1
吳謙二,1
明聖德,1
余化通,1
玄多奧,1
石玉,1
覺失聲,1
黃滾同,1
諸軍,1
普天下,1
有岐周,1
若想,1
望轅門,1
余將軍,1
飛虎立,1
飛虎笑,1
雲靄靄,1
莫思,1
封拜福,1
黃滾聞,1
余化賀,1
小孫,1
天祿又,1
孫三人,1
余化乃,1
黃滾亦,1
解甲,1
韓榮忙,1
子累,1
榮居,1
官守,1
權居,1
居元帥,1
韓榮帥,1
師父喚,1
立於,1
立於風,1
寶靈珠,1
敖光服,1
束虎龍,1
余化大怒,1
揚長敗,1
瓦解冰消,1
小厄,1
韓榮頓,1
黃家乃,1
西岐棟,1
韓榮馬,1
海金鰲,1
銀龍,1
韓榮府,1
歸聖主,1
王兵,1
蒙見納,1
飛虎方,1
納之理,1
馬進朝,1
湯武成,1
旺之兆,1
湯難臣,1
官居何,1
孤西岐,1
士馬興,1
盼至西,1
晁田空,1
張桂方,1
況西岐,1
西岐虛,1
明光,1
馬至府,1
晁田安,1
探西岐,1
立馬旗,1
若待遲,1
晁雷戰,1
晁雷立,1
尹乃莘,1
老健,1
況東,1
馬不寧,1
晁雷歸,1
晁雷進,1
晁田聞,1
招兄,1
方進西,1
田轅門,1
張桂擒,1
辛甲敗,1
太師大悅,1
永矢,1
官乃,1
藏錦繡,1
乾一馬,1
今爾主,1
乾大怒,1
望姬叔,1
西岐敗,1
玄功寶,1
紀法森,1
恩祿,1
依吾拙,1
金赤,1
張桂芳掩一,1
張桂,1
任西東,1
聽師叔,1
連擒二,1
桂芳謂,1
桂芳備,1
鎗一,1
太乙仙,1
道名,1
武王許,1
妙中,1
玉宮,1
花布,1
紅錦爛,1
聞仙鶴,1
毛輝,1
白鹿玄,1
果乃勝,1
姜尚願,1
老師父,1
西岐乃,1
生雲霧,1
王德配,1
仁合,1
況成,1
湯旺,1
師尊嚴,1
紅雲托,1
周滅,1
信之理,1
童兒那,1
丹成九,1
白額虎,1
西岐頃,1
柏翠,1
望法師,1
官柏鑑,1
山搖,1
何勞老,1
樂守,1
陳風兒,1
聞兄自那,1
太師答,1
扶危,1
楊森蓮子,1
師府在那,1
孤佐國,1
張柱芳,1
烏雲蓋,1
王魔騎,1
連子牙,1
容尚,1
權依允,1
扶桑,1
候白鶴,1
西岐伐,1
萬仞開屏,1
映嵐光,1
修竹喬,1
谷壑,1
龍與豹,1
延壽,1
黃旗兒,1
姜尚外,1
王魔寶,1
寶和珍,1
元寶珠,1
王魔笑,1
王魔見,1
那碧遊,1
雪飛,1
武王齊,1
楊森方,1
西岐城裏一聲,1
天祥刺斜裏一,1
星欲保,1
童忽,1
西岐者,1
興霸,1
那雄劍,1
蒼髯,1
中曉人,1
費仲尤,1
國祚生,1
宰馬,1
馬軍雨,1
馬跳,1
西岐東,1
魯雄聞,1
馬扎營,1
武吉點,1
張口,1
言魯雄,1
武吉領,1
西岐辛,1
布罡,1
念靈章,1
布斗,1
蒼翁,1
世之罕,1
雪深,1
武吉二,1
尤渾三,1
希世寶,1
非良傑,1
布起罡,1
勞聖主,1
言武王,1
湯費仲,1
靳之,1
關鄧九,1
吉立答,1
馬禦,1
夜明珠,1
碧塵珠,1
碧火珠,1
齊會,1
武吉似,1
紀律森,1
服勒霞,1
童顏,1
立聖朝,1
元師言,1
二將雙,1
武吉銀,1
何曾,1
青雲劍一,1
寶英鋒,1
紅見兄,1
如一,1
齊唱凱,1
玄內玄,1
施奇寶,1
神聖,1
若雷鳴,1
元師,1
門官啟,1
師尊聖,1
管倉官,1
淌出,1
祿能昌,1
修文,1
一將,1
馬成龍,1
妙道真,1
探虛實,1
楊戩隨身一,1
真君傳,1
童乃,1
束玉,1
玉麒鱗,1
青大怒,1
真君命,1
連克四,1
關韓榮,1
關竇榮,1
太師擇,1
候太師,1
過數,1
舒伸,1
張奎答,1
雁翎,1
冷氣森,1
諸營,1
綠檜影,1
玄豹,1
金如錦,1
葉搖風,1
墨麒鱗,1
寧靜,1
那馬飛,1
探吾山,1
聞大師,1
師是三,1
一個使雙,1
寶光寒,1
玉之福,1
方倚松,1
寧釋,1
尚餘,1
馬似龍,1
西岐豪,1
傑如雲,1
師之才,1
何卜,1
安下營,1
馬齊齊,1
太師安,1
青銅劍,1
寧泰,1
湯太師,1
保大元帥,1
爾宗祀,1
湯營中,1
二聲,1
紅馬絳,1
紅纓,1
寶劍昆,1
白龍飛,1
四聲,1
五聲,1
金甲杏,1
包羅,1
尚忝玉,1
敬誠,1
克勤,1
別賢愚,1
若太師,1
飛虎覿,1
滿朝富,1
武吉撥,1
黑風,1
鄧忠闊,1
陶榮奇,1
西岐鋒,1
若得勝,1
聞仲可,1
武吉保,1
黃滾守,1
錢一卜,1
馬聞,1
萬道,1
舒開雲,1
幸遇敗,1
官啟武,1
王御弟,1
曾言賢,1
吉立迎,1
玄悟妙,1
任烏兔,1
丹岩,1
鳳雙鳴,1
壽鹿,1
西岐助,1
九揚巾,1
白雲島,1
道兄雅,1
榮光,1
聞兄何,1
吉立領,1
西岐城在那,1
布開陣,1
西土仁,1
況鳴鳳,1
秦完笑,1
師叔方,1
飛神劍,1
凝厚,1
乾健體,1
萬刃齊,1
若天羅,1
玄功煉,1
寶鏡,1
寶鏡非,1
齊飛,1
藏天乙,1
若其水,1
陰陽真,1
太師耳,1
姚兄施,1
聞仲治,1
折衝,1
姚賢,1
臺上紮一,1
何緣,1
師叔全,1
言休,1
連武王,1
來啟武,1
但子牙,1
如絮飛,1
正得,1
老師知,1
師禮,1
特為子,1
何藥餌,1
陰雲布,1
姚斌在那,1
不過,1
宮至寶,1
生瑞草,1
紫菊紅梅,1
銀杏,1
龍吟虎,1
海馬聲,1
寶樹映,1
山高紅,1
景勝瑤,1
胡人,1
特奉師,1
還在那,1
來搶我,1
王掌府,1
龍山飛,1
雲洞,1
元陽洞,1
成普賢,1
伽洞慈,1
姜尚才,1
若逢,1
鹿乘雲,1
班首,1
祥雲飛,1
容顏原,1
漢霄,1
班師,1
聞仲書,1
候爾,1
雲瑞彩,1
貝葉,1
西岐蘆,1
吐祥雲,1
遊東,1
顧長生,1
雲瑞,1
宮神聖,1
君將,1
凌霄,1
金闕曉,1
蕭悲風,1
地倒往上,1
托七寶,1
今十陣方,1
玄玄玄,1
趙江笑,1
趙天,1
玄都立,1
紫鸞,1
朱鶴,1
孫躍步,1
花一叢,1
孫執劍,1
孫見勢,1
萬仙驚,1
孫將,1
孫莫,1
何勞聲,1
梅放,1
晁田二,1
況有靈,1
寶師兄,1
華札,1
晁田馬,1
方將軍,1
晁兄,1
晁兄往那,1
宜生馬,1
千歲那,1
武忙,1
玉磬頻,1
伯歌,1
一點雲,1
董天君那,1
闕朝,1
丹霄悟妙,1
玄中奧,1
靈魂,1
黑氣上,1
伏龍,1
寶欽,1
母下駒上,1
明雷,1
玉蕊,1
成一貫,1
聖母上,1
紫壽衣,1
戴虎頭,1
白雲洞,1
孫良,1
孫天君上,1
覓坎行,1
姜尚決,1
太師觀,1
太師三,1
老爺那,1
小蓬萊,1
何存,1
莫炫奇,1
須知盈,1
匡君,1
玄黃修,1
曾安,1
游巡,1
羅浮,1
覺點首,1
丹成真,1
諸天,1
呼大悅,1
慧性,1
紅二色,1
火電非,1
焦桐,1
向豹,1
鹿施禮,1
蕭兄,1
雲宵,1
道兄那,1
別了菡,1
太師爺,1
道兄往那,1
應天符,1
道閑遊五,1
玄真,1
玄都觀,1
玄友,1
內築一,1
南宮适築起將,1
依方,1
鐘聲,1
鹿大呼,1
何勞白,1
白禮,1
鹿持,1
姚天,1
高之士,1
紫壽仙,1
姚天君上,1
聞兄著,1
何勞太師,1
果見子,1
令師叔,1
鄧忠巡,1
姚少司那,1
陳九公脅下一,1
諸妹,1
曹寶散,1
曹兄,1
曹寶劍,1
王天君上,1
王天,1
石畔溪,1
今爾,1
聞金鐘,1
王變上,1
真君頂,1
步履,1
木中火,1
有大鵬,1
有鴻鵠,1
乾少露,1
克木克,1
王變一,1
桑枝弓,1
武王蟠,1
玄中大妙,1
張紹大呼,1
戴蟠龍,1
火輪就,1
黑氣往上,1
紅沙洒,1
鹿踐芳,1
蓬萊閬,1
苑佳,1
申老爺,1
姜尚釘,1
聞道兄那,1
卻在那,1
姜尚立,1
位共飲數,1
陶護衛,1
陸老爺,1
雲分瑞,1
丹成,1
望成,1
湯老營,1
雙蟠,1
白鶴頂,1
瑞彩生,1
天成,1
碧霄怒,1
青鸞飛,1
修真客,1
有碧霄,1
言菡,1
那顯仙,1
太師令,1
曲盡,1
瓊霄持,1
望雲霄,1
雲霄劍,1
白鶴飛,1
玄奧,1
花陰柳,1
玉露,1
若逢吾,1
修正,1
靈寶太,1
師尊往那,1
立玄機,1
闕傳徒,1
檀九龍,1
托三寶,1
白鶴青,1
丹鳳舞,1
雲霧隱,1
師伯至,1
許高,1
瑞彩飛,1
那珠,1
老師進,1
宮道兄,1
勞道兄,1
師大呼,1
師大喝,1
龍虎營,1
蒼赤,1
于大海,1
齊下,1
言瓊霄,1
連楊戩,1
齊齊躍,1
行數千,1
鹿提劍,1
若遇紅,1
陽世,1
望陣,1
紅沙一,1
紅沙望,1
連搧數,1
張紹欲,1
乃福德,1
止留慈,1
辛甲四,1
太師九雲,1
龍蛟,1
加一,1
王大戰,1
張節一,1
陶榮三,1
歸順西,1
成湯軍,1
陶榮顯,1
西岐數,1
早被一,1
周軍,1
張開,1
姜相,1
馬正,1
汝行,1
原是那,1
還是那,1
幸女紅,1
封諫,1
吉立二,1
楊柳綠,1
西沉,1
牛羊,1
太師辭,1
望青龍,1
呼喚,1
白鶴墩,1
石梁橋,1
柏若龍,1
丹楓,1
翠蓋,1
九重霄,1
胡羊野,1
有火,1
聞太師那,1
孫的,1
西岐征,1
金勝,1
馬行,1
秋光,1
和暖,1
紅葉醉,1
黃菊芬,1
水寒荷,1
白蘋紅,1
野雲飛,1
賓鴻至,1
解闕,1
子鄧秀,1
馬驟,1
金菊,1
西岐子,1
立馬橫,1
飛雙鳳,1
連環寶,1
太鸞怒,1
周將之銳,1
大壯軍,1
馬雄偉,1
二聲號,1
馬鷹揚,1
展震宮,1
舒徐,1
言姬周,1
西岐爭,1
顧後,1
紅羅,1
包鳳,1
翠黛拂,1
鄧玉,1
青紫,1
有嬋玉,1
鄧嬋玉勒,1
英謀奇,1
孫進,1
孫得勝,1
孫師,1
孫連勝,1
齊奮,1
孫發,1
孫令,1
凝思,1
孫善,1
孫回營,1
蕭蕭,1
蕭蕭飛,1
東西,1
侍武王,1
孫喜,1
孫原,1
孫氣兒也,1
孫在府,1
孫沿土,1
孫得生,1
立溪邊,1
盤翠嶺,1
忻馥馥,1
鹿成群,1
盤溪澗,1
朱紅門,1
宮玉闕,1
翠微,1
權修,1
靈霄啟,1
楊戩隱,1
望道兄,1
孫乃,1
孫門,1
母所生,1
那精靈,1
孫忙,1
師伯可,1
賴師叔,1
孫仙師,1
湯轅門,1
探吾營,1
法隱,1
鄧嬋,1
玉成,1
齊至府,1
孫大驚,1
能克,1
須信紅,1
翩聯,1
世無倫,1
藍橋,1
特謁元帥,1
曲成兒,1
特見尊,1
孫乃申,1
許之哉,1
帥言,1
孫信,1
孫又言,1
元帥惜,1
聽太鸞,1
孫亦笑,1
湯營納,1
西岐若,1
若元帥,1
凱回軍,1
太鸞辭,1
別九公,1
孫降階,1
孫擒,1
恩愛耳,1
帥見諾,1
今特奉,1
太鸞遜,1
望湯營,1
蒙金諾,1
同太鸞,1
孫師父,1
萬谷春,1
鬱荊,1
邊殺氣上,1
鄧秀見,1
孫綽,1
紅聽得,1
孫知嬋玉,1
查點軍,1
孫大獲,1
清玉潔,1
天淵,1
玉溫香,1
孫解,1
桂蕊奇,1
溫存,1
慕戀,1
師尊撫,1
但你,1
若嬋玉,1
周臣耳,1
從順,1
九公連,1
韓榮飛,1
張謙聞,1
張謙忙,1
明正伊,1
卿相,1
齊至御,1
君臣父子,1
蘇侯府,1
爾其勗,1
子全忠,1
生女妲,1
諸侯銜,1
陳光,1
立起帥,1
諸侯本,1
馬入府,1
趙丙領,1
黃飛虎將,1
趙丙大怒,1
牛馬定,1
趙丙擁,1
趙丙立,1
蘇侯聞,1
寶杵世,1
戈伏,1
鄭倫忙,1
黃天,1
探其虛,1
聽得城內,1
孫生,1
鄭倫笑,1
那烏,1
孫簇,1
蘇侯笑,1
迎風一,1
蘇侯嘆,1
西岐異,1
鄭倫惡,1
寶杵施,1
周王駕,1
鄭倫著,1
帝之子,1
鄭倫聞,1
今君侯,1
鄭倫切,1
侯午,1
鄭倫堅,1
小忠,1
小諒哉,1
任姜,1
周全,1
西岐傳,1
蘇侯亦,1
鄭倫聲,1
諕他一,1
蘇侯答,1
戴道巾,1
鄭倫乃,1
名天麟,1
名文輝,1
呂岳許,1
匡扶,1
萬歲,1
雲霧簇,1
周信答,1
聞爾,1
飄瑞彩,1
呂祖門,1
呂岳大悅,1
陰陽定,1
何勞持,1
呂岳令,1
文斐,1
有一三,1
立玉虛,1
道兄何,1
興仁,1
周鳳鳴,1
況道兄,1
無貽伊,1
令四,1
陽乾健,1
壽延,1
鄭倫曾,1
王乃聖,1
明之君,1
呂岳空,1
姜公遇,1
馬軒,1
生秀柏,1
巨鎮,1
龍聳,1
紫蓋嶺,1
朱陸,1
玉簡,1
樓閣飛,1
滿山瑤,1
龍潛澗,1
白鶴伴,1
雲棲老檜,1
鳳向陽,1
楊戩奉,1
姜尚死,1
辜生靈,1
武王德,1
楊枝,1
丹如法,1
老師言,1
周信領,1
安得延,1
有玉鼎,1
復了一,1
劍架,1
恨呂岳,1
同玉鼎,1
龍虎守,1
茅廬,1
韋護笑,1
文輝,1
韋護展,1
呂岳觀,1
韋護見,1
蘇護納,1
言太華,1
山雲霄,1
于牧野,1
玉釘,1
古檜高,1
林深,1
石磊,1
黃梅,1
探吾,1
子對他一,1
望仙,1
三人一,1
殷洪原,1
殷洪亦,1
天必順,1
萬世之,1
蘇護女,1
侯大營,1
殷洪命,1
況吾奉,1
龐弘生,1
那裏又有一,1
鄭倫啟,1
解之理,1
殷洪進,1
湯少嗣,1
殷洪王,1
畢四,1
玄門久,1
紫真宮,1
周武軍,1
化舉雙,1
如前一,1
天祥一,1
了兩,1
止剩三,1
天爵,1
子一,1
邊一,1
釋吾,1
能得,1
天相吉,1
王命哉,1
龐弘大,1
侯同子,1
復脅下一,1
殷洪連愰數,1
殷洪著,1
望殷洪,1
裏一,1
殷洪敗,1
師伯隨,1
殷洪甲,1
常彝倫,1
方可言,1
于子孫,1
周名世,1
金葉冠,1
馬元答,1
胡言,1
真若,1
馬元默,1
隻手端定一,1
復現那一,1
熱酒沖一,1
馬元命,1
馬元忽,1
何策治,1
伏馬元,1
有子牙,1
馬元勝,1
馬元自思,1
那山,1
那山真,1
翠嵐,1
滿溪瑤,1
馬元問,1
恩同再造,1
馬元忙,1
碧雲霄,1
老師饒,1
金仙,1
元光,1
馬元連,1
師伯來,1
何術治,1
若擒,1
須得公,1
馬道長,1
殷洪馬,1
馬一拎,1
任信申,1
養道修,1
蘇侯忙,1
冀川侯,1
蘇護百,1
特敬修,1
蘇護九頓,1
章回,1
鄭倫那,1
西岐旁,1
劉甫非,1
黃天祥刺斜裏一,1
官把一,1
瓦解星散,1
鄭倫力,1
鄭倫繩,1
寧棄椒,1
房之寵,1
曲賜生,1
鄭倫蜂,1
鄭倫立,1
帥同謀,1
呼為俊傑,1
今國君,1
況古云,1
毋徒伊,1
況子牙,1
小忠小諒,1
侯之言,1
孤守西,1
克盡臣,1
今卿,1
西岐雲,1
戚之卿,1
聞宣,1
乾綱,1
祖宗成法,1
恩遇之榮,1
克振壯猷,1
馬德,1
桑元,1
和日,1
梅雨,1
修竹漸,1
呼盧,1
況吾師,1
若純,1
周之兆,1
莫知其,1
張山原,1
錢將軍,1
王有何,1
汝尚欲,1
馬歸周,1
掌得勝,1
金翅,1
方欲勒,1
張開二,1
福德齊,1
須之力,1
時分直,1
黛色,1
黃藤如,1
玄都府,1
探眉,1
香齋,1
謝過齋,1
白光光,1
索子,1
方今武,1
朱樓,1
柳九秋蓮,1
甘甜,1
仁君,1
明德,1
辜師訓,1
松鬱鬱,1
王太子,1
白龍,1
那人也是三,1
況吾父,1
白龍山,1
湯之胤,1
湯諸君,1
藏奇寶,1
周主,1
德在那,1
聞有德,1
無德,1
姜尚誓,1
溫良答,1
溫良先,1
立溫良,1
都是三,1
三人九,1
寶乃廣,1
子師伯,1
解其索,1
銀葉甲,1
馬善的,1
馬善乘,1
言馬善,1
寶珍,1
今西岐,1
寶鑑,1
馬善乃,1
樓玉閣,1
朱欄,1
談經香,1
石泉,1
謝奇,1
纔上,1
玉虛見,1
天烈曜,1
羅宣能,1
王服,1
仁之主,1
印傳殷,1
柳陰,1
那時節方,1
展開杏,1
李錦二,1
探馬忙,1
麻履長,1
馬如赤,1
羅宣一,1
羅宣傍,1
化使開雙,1
韋護綽,1
羅宣見,1
赤寶丹,1
羅宣同,1
羅宣切,1
餘高,1
闕仙,1
思凡,1
羅宣來,1
羅宣大,1
龍劍望,1
劉環那,1
羅宣忙,1
羅宣撞,1
施雨,1
特佐子,1
公闕,1
羅宣敗,1
王立帝,1
羅宣聽,1
戴扇雲,1
黃金寶,1
羅宣欲,1
羅宣頂,1
玉虛杏,1
法往玄,1
宮玄,1
白鹿白,1
宮開玉,1
真乃蓮,1
道兄乃,1
花開之,1
黃戊己,1
雲界旗那,1
孫來到內,1
雲界旗,1
母親那,1
須得南,1
孫聞,1
西王母,1
壽曜,1
巧峰,1
香蕙,1
白鶴棲,1
宮珍闕,1
寶閣瓊,1
金闕堂,1
今奉玉,1
恩賜聚,1
玉殿,1
樂聲,1
齊奏下瑤,1
鳳銜丹,1
玉敕,1
今特敕,1
爾聚仙,1
周邦,1
毋得延,1
周主洪,1
子答牙,1
何喜,1
寶色旗,1
李錦見,1
曾奉旨,1
官也,1
李錦皆,1
黃天化一,1
寶乃玄,1
張犁,1
寶乃玉,1
池之寶,1
馬向北,1
馬齊,1
扶武王,1
武吉犁,1
張山奉,1
畢大怒,1
何卿,1
李登,1
獨西岐,1
姜尚助,1
洪錦得,1
洪錦領,1
鎗寒颯颯,1
冷森森,1
弓攀,1
玉鐘,1
龍雄,1
季康答,1
洪錦總,1
官季康,1
季康乃,1
雲中現出一,1
顧仁義,1
顯忠,1
白龍駒,1
紅白二,1
柏顯忠那,1
周豪傑,1
若知吾,1
洪錦大,1
洪錦乃,1
寶石飛,1
洪錦暗思,1
孫見人,1
相生相克,1
洪錦莫,1
木能克,1
沙烏任,1
聞鷗,1
幸吾離瑤,1
洪錦速,1
洪錦拎,1
延綿,1
齊封啟,1
師相,1
符元,1
曾言龍,1
同子牙,1
洪錦建,1
侯功成,1
洪錦剛,1
紅絲,1
克相,1
元良,1
商罪貫,1
大奮鷹,1
孤若伐,1
王定奪,1
國忠謀,1
方安寧,1
陳兵,1
宜生奏,1
武王旨,1
立辛甲,1
聞鼓,1
聞金,1
刁軍,1
阿私,1
王親扶,1
列將,1
王至將,1
雁翅,1
生贊禮,1
克厥勳,1
斯民,1
衛啟迪,1
克定厥勳,1
龍章鳳,1
王姬,1
天矜,1
弗順,1
華夏蠻,1
尚克,1
濟兆民,1
司上,1
戴護頂,1
巧樣,1
紫絨,1
印上,1
王請上,1
辛甲執,1
武王上,1
聞國,1
武王下,1
了將,1
鳳隨鑾,1
孫綿遠,1
國祚延,1
又引一,1
又一,1
了三,1
子又,1
敬佩,1
別酒三,1
方顯蓮,1
成聖超,1
山護法,1
史文猶,1
餘香,1
顧聘,1
伏以觀,1
蒙准臣,1
許以東,1
才疏德薄,1
于節鉞,1
陞了將,1
辛甲啟,1
馬有,1
令四將上,1
三將下,1
畢公高,1
姬叔康,1
姬叔正,1
姬叔啟,1
姬叔元,1
姬叔忠,1
姬叔廉,1
姬叔德,1
姬叔美,1
姬叔奇,1
姬叔順,1
姬叔廣,1
姬叔智,1
姬叔勇,1
姬叔敬,1
姬叔安,1
習武,1
黃飛虎上,1
陰陽子,1
明王陣,1
令上,1
賀武王,1
宮見太姬,1
上啟母,1
萬雄師,1
武王親,1
武維揚,1
淳良乎,1
天怒,1
況夫天,1
齊見,1
養老之恩,1
終守臣,1
齊叩馬,1
餘馨,1
保聖君,1
西岐來,1
西岐大軍,1
隆之兆,1
帥士馬,1
魏將軍,1
元勳,1
魏賁歸,1
印綬畢,1
洪錦歸,1
何良謀,1
孔宣為,1
丹詔鳳,1
關傳,1
孔宣接,1
爾之功,1
孔宣拜,1
原應玉,1
孔宣人,1
孔宣令,1
連張山,1
孔宣許,1
化掩一,1
了雙,1
托元帥,1
方纔舉筆向硯臺上,1
孔宣營,1
武吉應,1
孫合笑,1
武吉大,1
武吉掩一,1
孫合見,1
武吉敗,1
武吉條,1
孫合馬,1
高繼能掩一,1
孔宣問,1
殷臣,1
敬守臣,1
子丹,1
子啟賢,1
禹尊禪,1
湯伐夏,1
今傳之,1
孔宣兜,1
孔宣紅,1
洪錦監,1
其就,1
孔宣獨,1
黃光望,1
那蜈蜂,1
高繼能一,1
孔宣命,1
二叔叔,1
飛鳳山,1
王自思,1
何幸,1
侯欲進,1
小寨,1
侯定來,1
應鸞操,1
練三軍,1
侯等皆,1
勞賢侯,1
黑虎隨,1
黑虎共飲數,1
黑虎謝,1
文聘青驄,1
黃彪,1
牛一縱,1
蔣雄神,1
裏隱有千,1
黃飛虎一條,1
高將軍,1
孔宣來,1
華往下一,1
孔宣華,1
孔宣連,1
孔宣大呼,1
玄內,1
孔宣逆,1
馬拎,1
師叔福力,1
萬生靈,1
孔宣全,1
草木愚夫,1
化長虹,1
無元帥,1
孫剛,1
玉立,1
孫慶功,1
孔宣道,1
天耶,1
那寶珠,1
內現一,1
紅光直,1
祥雲護,1
孔宣阻,1
武王東,1
東進,1
羅飛瑞,1
歸仁聖,1
孔宣答,1
永壽,1
止存兩,1
孔宣撒,1
張著,1
關下,1
武惟揚,1
洪錦許,1
馬入帥,1
雲鵬,1
胡雲鵬那,1
洪錦報,1
胡雷大,1
胡雷戰,1
何得,1
官大呼,1
何術,1
胡雷頂,1
修納,1
洪錦展,1
胡升洎,1
張天,1
正元帥,1
馬步軍,1
熊彪,1
洪錦命,1
洪錦怒,1
一七方,1
關中軍,1
洪錦聞,1
莫待吾,1
洪錦照,1
洪錦躲,1
生木徹,1
洪錦伏,1
玄關禮,1
貝宮珠,1
周家旺,1
東征佳,1
洪錦頓,1
帥之明,1
關安營,1
洪錦啟,1
于天耶,1
況吾非,1
糜爛其民,1
韋護持,1
顧主,1
一個混元,1
葉煙霞,1
姜尚必,1
林拔樹,1
脫吾,1
侯申,1
石倚松,1
孫縱,1
鴻蒙初,1
南溟,1
同庚,1
姜尚封,1
何言,1
凝瑞靄,1
山嵐,1
丹杏,1
齊芳,1
光華飛,1
楊綠柳,1
黃鶴鳴皋,1
青鸞翔,1
玉文,1
師叔教,1
糜爛,1
凡吾教,1
寶劍相,1
烏龜,1
師叔門,1
母至法,1
蒼桑化,1
碧波,1
熊虎,1
白刃,1
蒙師叔,1
謝過恩,1
扶佐,1
老師聖,1
劍光一,1
須彌,1
洪錦遠,1
但元帥,1
帥下,1
容其納,1
真時雨,1
祁公鎮,1
高貴,1
聞周兵,1
馬方大呼,1
馬方,1
方今兵,1
馬方大,1
九公乃,1
馬方那,1
老龍騰,1
高貴搖,1
丘引銀,1
孫寶大怒,1
弓弦,1
孫寶揮,1
那曉兒,1
丘引乃,1
寶攢,1
金葉廂,1
折丈八,1
東征,1
陳奇原,1
丘引正,1
丘引大悅,1
扶王志,1
九公佐,1
官太鸞,1
汝之功,1
三條,1
梁寇,1
關老營,1
紅珠兒,1
孫下殿,1
岳翁陣,1
孫鑽,1
陳奇鼻,1
周將,1
西岐俱,1
特奉元帥,1
連黃飛,1
孫同眾,1
青龍,1
孫先進,1
叢中,1
趙升,1
王之祿,1
寶大元帥,1
周王特,1
特以尺,1
韓榮觀,1
橫丈八,1
成湯伐,1
周特,1
馬搖刀,1
魏賁的,1
韓榮見,1
韓榮兵,1
余化特,1
余化望,1
常勝,1
爾通,1
同師叔,1
幸賴師,1
幸雷震,1
蓬萊見,1
天闕,1
成碧闕,1
又是滄溟,1
碧樹,1
常春,1
丹崖若,1
列星,1
有詩單,1
蓬萊枉,1
福助周,1
白鶴衣,1
幸吾煉,1
若無丹,1
丹乃,1
左術全,1
湯梁棟,1
金嵌,1
雲暗生,1
周應天順,1
克修,1
韋護杵,1
埃著,1
金雲,1
真仙渡,1
蒲團默,1
養元神,1
師尊玉,1
孫聞命,1
安靜,1
孫與子,1
養道碧,1
金頂玉,1
孫命,1
龍降,1
紫霧護,1
綑在那,1
望師兄,1
玉磐,1
古語雲,1
聞老師,1
帥旗,1
陸道兄,1
西兵,1
況兵臨,1
徐忠,1
韓榮二子,1
旛若焰,1
黃昏安,1
關托,1
曾蒙家訓,1
幼習弓,1
連日正,1
養士,1
萬刃軍,1
姜尚雄,1
萬耶,1
韓將軍,1
韓榮笑,1
沙石,1
武吉著,1
滑喇喇風聲,1
諸將士,1
何名目,1
莫測,1
周營寨,1
飛焰,1
黑雲,1
顧臣,1
顧子,1
韓榮聽得,1
韓榮見子,1
韓榮志,1
子盡忠,1
貞老鶴,1
馬進汜,1
王進帥,1
查點府,1
連飲三,1
方進洞,1
長出六,1
方至洞,1
謝師尊,1
陰陽劍,1
師尊偈,1
歸山,1
須知順,1
寶鎖,1
閻羅,1
廣成,1
樂齊鳴,1
白鶴朝,1
上法,1
成其仙,1
仁明,1
況賢弟,1
東震,1
金蓮花,1
金蓮照,1
寶劍一,1
何光景,1
姜師弟,1
候大師,1
帥牽,1
太上老君,1
金鐘玉,1
李聃,1
方顯玄,1
玄黃外,1
明師,1
安五,1
沙塵,1
通天河,1
那雷,1
戴九雲,1
寶萬壽,1
玄黃理,1
光嬋燦,1
黃冠,1
曾拜鴻鈞,1
碧游,1
王世,1
明章,1
壽同,1
福比洪,1
黎明,1
池中生,1
道如淵,1
那寶劍,1
千青,1
齊進闕,1
黃霧騰,1
齊進四闕,1
寶劍空,1
姜尚六,1
子上,1
徐蓋本,1
子下,1
雙鎖眉,1
邊庭武,1
湯放桀,1
歸盡斯,1
彭遵答,1
山虎,1
馬似,1
魏賁雄,1
彭遵見,1
周將通,1
魏賁答,1
彭遵大怒,1
彭遵戰,1
魏賁見,1
彭遵敗,1
彭遵先,1
馬震,1
徐蓋權,1
馬純,1
蘇護正,1
趙丙隨,1
彭遵大呼,1
王之弟,1
彭遵那,1
彭遵馬,1
彭遵陣,1
法寶,1
徐芳徒,1
雷來,1
雷發,1
徐蓋聞,1
徐蓋命,1
白鶴朝雲,1
雷震子一,1
來也,1
智擒,1
榮枯,1
盤旋溪,1
漢明,1
徐蓋久,1
苟圖,1
關軍士,1
徐蓋監,1
徐芳許,1
徐蓋休,1
何足,1
馬忠怒,1
馬忠休,1
馬忠化,1
黃飛虎的,1
寶貝來,1
徐蓋見,1
羅網,1
閻浮,1
列陣,1
徐芳聞,1
徐芳尊,1
又為何,1
陳庚答,1
呂岳命,1
古人云,1
姜尚遇,1
姜尚便,1
聞知雲,1
況鳳鳴,1
道兄安,1
李兄,1
西岐元帥,1
爾西岐,1
鄧鄧,1
聞呂岳,1
玄門仙,1
武王納,1
雙眉頻,1
了子牙,1
解子牙,1
真君笑,1
呂岳逢,1
若進陣,1
解岐周,1
來將那,1
有兩,1
楊任忙,1
楊任恐,1
于武王,1
任見雲,1
呂岳何,1
楊任飛,1
五火扇一,1
連地都,1
武吉背,1
于子,1
須得,1
徐芳休,1
徐芳望,1
徐芳立,1
銀甲紅,1
帥長子,1
帥乃,1
余達聞,1
聞太鸞,1
王土,1
余兆取,1
一杏黃,1
余兆連,1
余兆一,1
蘇護長子,1
關中點,1
望風納,1
毋貽伊,1
戴載,1
姜尚見,1
余兆敵,1
余先戰,1
鄧秀喊,1
郎助陣,1
余達勒,1
楊戩自思,1
余化龍那,1
子余德,1
余德圍,1
余德渾,1
余德乃,1
余德切,1
張弓,1
余德步罡,1
封夷,1
呂岳伐,1
周營兵,1
花馥馥,1
翠翠,1
蒙蒙,1
老藤,1
瑞蓮華,1
雙雙丹,1
鳳嘯,1
伏義聖,1
帝寶,1
靈文,1
于生靈,1
辜之,1
丹藥付,1
農拔一,1
丹藥化,1
楊枝洒,1
余德言,1
諸子,1
余德見,1
體方,1
苟祿,1
凡軍士,1
雙修,1
痴仙,1
馬遂歌,1
馬遂躍,1
馬遂正,1
香仙樂,1
師尊言,1
瑞靄祥,1
珮環,1
師伯俱,1
瑞雲,1
古定劍,1
賓鐵,1
大紅旗,1
鳳離瑤,1
法碧遊,1
元傳妙,1
紅蓮,1
伏虎降,1
金蓮長,1
何能掌,1
特強,1
青蓮能,1
白蓮托,1
白蓮能,1
烏雲仙友,1
幸祈,1
諸仙逢,1
池中閒,1
玄中玄,1
呈祥,1
金蓮邊,1
祥雲籠,1
羅仙,1
慈航歌,1
金蓮生,1
托杵,1
紫氣徹,1
有瑞,1
方顯慈,1
慈舫,1
孫迎,1
王幸,1
母烏龜,1
青蓮托,1
映日飛,1
黃光繚,1
修真之,1
四個先,1
洪錦夫,1
有此,1
洪錦頂,1
束絲,1
靈雲,1
榮華,1
任悠遊,1
訪玄,1
婁金狗,1
樊籠,1
鐘鳴,1
封為軫,1
觀鶴鹿,1
玄機,1
修真煉,1
九曜,1
寶劍如虹,1
海移峰,1
紅光燦,1
正克邪,1
華岳,1
寶劍齊,1
北闕香,1
玄都門,1
止丘,1
師伯道,1
今師伯,1
光仙將,1
姜尚名,1
常臨七,1
寶園,1
波羅花,1
長金珍,1
掌碧遊,1
上祥雲,1
化鴻鈞,1
羅金仙,1
呼老爺,1
丹煉,1
丹發,1
伏于道,1
東進臨,1
拏你去麒鱗,1
湯滅,1
孤之幸,1
卞吉問,1
成世罕,1
卞吉將,1
卞吉先,1
卞吉飛,1
卞吉聞,1
展戟,1
黃明大怒,1
卞吉連,1
立有一,1
尚欲,1
韋護大怒,1
來打此,1
吳謙三,1
麥隨,1
柳枝,1
江燕,1
尚高臥,1
金鑾寶,1
掌殿官,1
香靄龍,1
雲拂翠,1
金章,1
紫綬垂,1
毋寧,1
西有姬,1
保二臣,1
宣鄧昆,1
特舉卿,1
特專,1
卿功,1
孟津渡,1
丟在此,1
果是那,1
于子牙,1
卞吉來,1
聞主師,1
拿去家,1
卞吉逞,1
卞吉戰,1
侯忙,1
卞吉有一,1
淳謙謝,1
侯上殿,1
武王臨,1
鳳翅光華,1
銀甲,1
魚鱗瑞,1
姜太公,1
紅羅傘,1
有四賢,1
仁義禮,1
智輔國,1
常之語,1
侯尚,1
相爭耶,1
侯如,1
鄧昆大怒,1
卞吉縱,1
佐聖君,1
芮吉自,1
言武,1
王有德,1
鄧昆令,1
芮吉聞,1
那首,1
周興,1
藏隱,1
洪遠,1
俊傑哉,1
況周武,1
姜尚賢,1
湯日,1
展賢弟,1
鄧昆忙,1
侯歸武,1
芮二,1
帥謙恭,1
辜二侯,1
武王仁,1
芮賢弟,1
侯將軍,1
侯大悅,1
真天子,1
周兵觀,1
卞吉自思,1
卞吉馬,1
卞吉忙,1
靈符,1
芮四,1
孫得符,1
卞吉領,1
卞吉圍,1
戈聲,1
西岐主,1
趙丙閃,1
寶無靈,1
諸將先將此,1
幸軍士,1
汝安,1
淳大呼,1
侯亦,1
芮吉吼,1
芮吉傳,1
關中,1
鐵鉞鋒,1
幸賴吾,1
王佐揮,1
高蘭,1
張奎笑,1
諸侯雲,1
圖麟閣,1
張奎順,1
玉葉,1
蒙君侯,1
郎君,1
瑞彩滿,1
空飛,1
張奎圍,1
黑虎敗,1
崔英勒,1
英風垂泰,1
萬年,1
孤忠史,1
楊戩立,1
張奎休,1
張奎方,1
張奎長,1
張奎如法,1
邊丫環,1
老太太,1
張奎思,1
張奎若,1
過堯舜,1
楊任巡,1
裏長出來的兩,1
楊戩觀,1
高氏,1
玉琢娘,1
陽紅杏,1
孫轅門,1
侯五人,1
張奎善,1
師傳吾,1
孫許,1
楊戩齊,1
石飛,1
孤帆,1
楚峰,1
飛雲洞,1
張奎豫,1
憶昔西,1
寶功,1
諸侯空,1
鄧嬋玉那,1
官渡,1
還在此,1
湯之宗,1
宇清奇,1
袁洪者,1
吳龍者,1
常昊者,1
諸侯望,1
封袁洪,1
嘉慶殿,1
師帥頌,1
師臨民,1
帥袁洪,1
諸侯前,1
童至,1
孫致書,1
帥子牙,1
印先,1
楊任領,1
周營中,1
張奎自思,1
連日吾,1
馬向西,1
女中貞烈,1
候元帥,1
來迎武,1
裏那兩,1
韋護觀,1
楊任生,1
邊專,1
寶乃鎮,1
慈善,1
葉垂霜,1
池平,1
魚舟空,1
柴少,1
王孫,1
老衲,1
武王龍,1
那龍舟,1
王舟者,1
王舟,1
龍舟,1
諸侯尊,1
陳設,1
相敘禮,1
侯見武,1
揚侯,1
左伯宗,1
智明,1
常信仁,1
曹宗,1
大駕特,1
武王深,1
孤德,1
諸侯傳,1
若予,1
禹之子賢,1
殷湯,1
幸毋固,1
武王謙,1
諸侯僉,1
馬啟,1
周武乃,1
王大駕,1
克之,1
袁洪觀,1
袁洪銀,1
白馬似,1
湯元帥,1
汝若早,1
勞伊戚,1
姜公頭,1
壽縱馬,1
吳龍躍,1
吳龍化,1
袁洪一,1
吳龍齊,1
吳龍笑,1
袁洪領,1
初陣,1
袁洪連,1
金珠,1
寶鈔,1
飛廉頓,1
言妲己,1
聞飛廉,1
福以啟,1
白鸚渾,1
邊漁叟,1
過玉橋,1
玉載,1
于妲己,1
時一,1
拿上,1
何靈異,1
孫榮正,1
袁洪為,1
信斯言,1
袁洪足,1
三人上,1
幸察,1
聽皇伯,1
今若放,1
湯繼統,1
孔聖,1
殷有,1
湯宮殿,1
成湯化,1
左脅,1
探事軍報上,1
傑士是那,1
聞姜尚,1
望爵祿,1
飛廉領,1
進午門,1
王賜,1
明兮耳,1
軒廟,1
陳友解,1
宁之望,1
袁洪修,1
謝恩本,1
姜尚幾,1
言吾,1
楊任二,1
常昊知,1
雷之法,1
望桃,1
布開,1
安符,1
高覺戟,1
西有,1
北有楊,1
克成湯,1
望師叔,1
師兄何,1
托軒,1
須用旗,1
連眼都,1
周王伐,1
雷開為,1
韋護在將,1
武王營,1
施密,1
連逢劫,1
鬱壘,1
空作蟠,1
西有楊,1
臺下四,1
常昊化,1
楊任正,1
南柯夢,1
楊任陣,1
容吾通,1
侯見,1
師伯照,1
有幾,1
顧常昊,1
終南鑑,1
秋雲靄,1
袁洪盤,1
馬腳下,1
布滿天,1
方興,1
特啟元帥,1
袁洪許,1
揭招賢,1
何愁姜,1
漢豎在半,1
賽虎彪,1
袁元帥,1
大將軍,1
木望正,1
袁洪責,1
呼兄喚,1
覓子,1
尋爺,1
袁洪協,1
姜帥,1
列侯,1
周寨,1
袁洪助,1
袁洪騎,1
心生一,1
化了一,1
袁洪劫,1
尋見武,1
乾燥,1
姜尚休,1
龍嶺,1
姜尚進山,1
牛黃,1
朱貞伏,1
聽得兩邊,1
湯著,1
山腳下地,1
袁洪聞,1
余忠馬,1
子真,1
原來是一,1
真賀功,1
袁洪謂,1
袁洪忙,1
周營軍,1
左有楊,1
卻是一,1
楊顯撥,1
楊顯見,1
戴禮見,1
高一丈,1
戴紫金,1
袁洪乃,1
牛怪,1
蘇侯歸,1
湯營內,1
伏牛,1
馬齊聲,1
鄂順領,1
侯崇應,1
諸侯鞭,1
古柏喬,1
小猴兒,1
齊來,1
滿地祥,1
寶展,1
楊戩將身一,1
王霸,1
忻羨,1
玉泉,1
寶能治,1
黃芽,1
雷開敗,1
諸侯遠,1
仁傑操,1
海宇騰,1
湯氣,1
姚忠,1
方勉強,1
竇榮命,1
姜尚聚,1
烏合,1
竇榮聞,1
竇榮亦,1
竇榮錯,1
尚能待爾,1
戈甲,1
馬兆遁,1
竇榮令,1
馬兆擁,1
馬兆立,1
馬兆大怒,1
竇榮見,1
馬兆拿,1
花獻,1
毛如彪,1
馬兆之,1
寶貝伏,1
莫禦之策,1
老師幸,1
立擒,1
竇榮聽,1
扶王,1
文煥歸,1
黃泉,1
竇榮揮,1
馬臨城,1
殷湯德,1
周武仁,1
國孤忠,1
若浪萍,1
那劍,1
廣智,1
安撫,1
諸侯進,1
時雨慶,1
福祚長,1
諸侯兵,1
方正,1
呼庚,1
傑之士,1
伊尹成,1
湯德業,1
南巢放,1
況長兄,1
于朝,1
郭兄,1
飛廉府,1
況君父,1
董賢弟,1
丁兄,1
宣三人,1
望駕,1
三卿,1
封丁策,1
馬大將軍,1
戈馬,1
修貢,1
成湯德,1
汝猶特,1
萬世耶,1
鄂順飛,1
殷老將軍,1
別元帥,1
真榮寵,1
禹相傳,1
暴君,1
揚父,1
德稱周,1
達君父,1
匡正,1
汝尚,1
克修德,1
況京師,1
曉諭,1
保毓乾,1
何辜,1
解萬民,1
薄海,1
念爾,1
望拯,1
毋貽後,1
姜元,1
馬屯,1
汝其勗,1
左右翼,1
龍鳳旗,1
內一聲,1
西岐兆聖,1
周德,1
武功,1
張紅羅,1
諸侯旗,1
姜尚甲,1
諸侯守,1
貢山,1
齊王,1
聽子牙,1
封賜尚,1
顧嗣胤,1
施張,1
童男,1
尚特,1
王發恭,1
朱纓燦,1
寶鏡光華,1
龍駒,1
王仁義,1
侯青,1
姜皇兄,1
龍虎相,1
福祚,1
南二侯,1
諸侯聽,1
殷湯成,1
一時那,1
烏漫,1
胡戡,1
勾開鞭,1
諸侯怒,1
魯仁,1
諸侯吶,1
諸侯方,1
況武王,1
國璽玉,1
以我們,1
謝將,1
鳳惟,1
弘開,1
曾學刀,1
王數,1
沙揚塵,1
叢莽,1
朱閣丹,1
四更方,1
尚思,1
楊師兄,1
華隱,1
韋護恐,1
雷震性,1
寶蓋,1
瑞彩紫霞,1
止為昌,1
韋護正,1
解九頭,1
仁溢,1
況古語,1
真元帥,1
那妲己,1
楊戩監,1
楊戩鎮,1
韋謹鎮,1
諸侯門,1
憶昔恩,1
鳳樓觀,1
玉碎香消,1
鳳枕,1
中一聲,1
齊欲,1
扶欄,1
封宮官,1
封宮,1
藉口,1
養之恩,1
尤向姬昌,1
西侯,1
費尤曾,1
若諸侯,1
珮滿,1
連霄漢,1
宮三殿,1
金甌,1
洪水,1
溫香暖玉,1
方赤熾,1
諸侯答,1
明忠愛,1
仁放桀,1
南巢憶,1
仁厚,1
澤立,1
甘霖,1
拜迎武,1
有阿,1
凡軍,1
汝宜悉,1
王猛,1
武王入,1
黃金柱,1
辜宮,1
樓飛霄,1
王點首,1
毋寶,1
閭閻,1
子武庚,1
諸侯切,1
滿貫,1
立新君,1
宜正,1
位賢侯,1
諸侯景,1
何德,1
望賢侯,1
生丹,1
禹生啟賢,1
德放桀,1
諸侯恭,1
克承大寶,1
方禹,1
湯之賢,1
諸侯拜,1
諸侯心,1
愛之,1
萬姓歡,1
鳳纏禎,1
泰運,1
高三,1
太昊,1
黃帝軒,1
金爵,1
陳設祭,1
寶鼎,1
侯西岐,1
武姬,1
敬修,1
仰承,1
靖恭,1
尚望福,1
胥戴,1
惠風慶,1
曉臨仙,1
佩環,1
王謂子,1
諸侯立,1
王衣襲,1
列爵惟,1
官惟賢,1
樓殿閣,1
瑞草生,1
于今,1
今武庚,1
諸臣朝,1
封武庚,1
王聖諭,1
管叔鮮,1
白魚,1
西岐龍,1
牛桃圃,1
周王念,1
侯見尚,1
武王散,1
立大綱,1
周民,1
今見卿,1
武王鑾,1
希圖爵,1
祿耳,1
容之,1
封飛廉,1
金符玉,1
那馬氏,1
馬氏聞,1
特啟,1
辜聖恩,1
林壑,1
萬古崇,1
國永,1
諸神,1
金敕,1
金鼎,1
托凡,1
姜尚依,1
封爾,1
福自爾,1
永膺,1
爾柏鑑,1
軒轅黃,1
帝大帥,1
曾有勳,1
陰風,1
望玉敕,1
正神炳,1
靈公,1
聞聘,1
孤忠,1
齊仁聖,1
毋渝厥,1
司天昭,1
爾聞,1
爾崔英,1
玄聖,1
爾聞仲,1
聞朝元,1
應元雷,1
天君正,1
龐天君,1
劉天君,1
苟天君,1
畢天君,1
李天君,1
柏天君,1
黃天君,1
金天君,1
吉天君,1
布雨興,1
承天敕,1
安良達,1
爾羅宣,1
尤爾咎,1
朱諱,1
高諱震,1
方諱貴,1
王諱蛟,1
劉諱,1
爾呂岳,1
朱諱天麟,1
楊諱文輝,1
爾金靈,1
爾潛修,1
爾執掌,1
咸聽,1
克蓋,1
吉曜,1
黃諱天祿,1
孫諱子,1
胡諱雲,1
魯諱仁傑,1
黃諱天祥,1
左輔,1
蘇諱,1
董諱忠,1
招搖,1
青龍星,1
鄧諱,1
白虎星,1
成秀勾,1
陳星,1
滕蛇星,1
太陰星,1
玉堂星,1
龍德星,1
紅鸞星,1
天喜星,1
金府星,1
鄧氏嬋玉,1
杜諱元,1
黃諱飛彪,1
姜諱,1
天嗣星,1
黃諱飛,1
帝輅星,1
鄂諱崇禹,1
伏龍星,1
張諱桂芳,1
飛廉星,1
索星,1
龍諱,1
羊刃星,1
孫諱,1
方諱義,1
卞諱,1
季貞,1
高諱,1
武華,1
蓋星,1
高氏蘭,1
馬諱成,1
公孫諱,1
紅艷星,1
宿星,1
金諱,1
朱諱子,1
伏吟星,1
姚諱庶良,1
房諱,1
祖壽,1
信奎木,1
趙諱,1
白高婁,1
金狗,1
姚諱公,1
金諱繩陽,1
侯諱太,1
公孝,1
天滿星,1
洪仁天,1
玄星,1
王諱,1
龍茂,1
徐諱,1
呂諱,1
單諱,1
天退星,1
天壽星,1
唐諱,1
天牢星,1
傑天,1
張諱,1
智雄,1
天巧星,1
程諱,1
地傑星,1
魯諱,1
地英星,1
地闢星,1
地佐星,1
黃諱丙慶地,1
金諱南,1
桑諱,1
霍諱,1
明星,1
地滿星,1
金秀地,1
地俊星,1
袁諱鼎,1
地捷星,1
邢諱三鸞,1
地幽星,1
地孤星,1
吳諱,1
武諱衍,1
葉諱,1
景昌,1
地狗星,1
陳諱夢庚,1
九曜星,1
北斗,1
水德星,1
方諱,1
吉清,1
胡諱,1
列宿,1
亦爾,1
韓諱,1
薛諱,1
李諱丙,1
黃諱承,1
周諱登,1
永承欽,1
乾李諱,1
玄壇真君,1
迎祥,1
納福,1
招寶,1
納珍,1
爾魔禮青,1
毋忝,1
方慶良臣,1
永堪,1
特賜爾,1
克襄乎,1
陰陽之順,1
碧霞元君,1
金氏,1
碧霄上,1
爾雲霄,1
爾榮封,1
克勤爾,1
爾申,1
夏散冬,1
爾其永欽,1
位正神,1
臺邊,1
齊至壇,1
希圖仕,1
田世祿,1
爾飛廉,1
寶以榮,1
爾宜克,1
夏桀南,1
商辛,1
王登殿,1
唐人,1
曉籌,1
方進翠,1
雲裘,1
封之以爵,1
孫世,1
王子,1
封樹,1
武王方,1
克襄劫,1
蒙卿,1
仁恩,1
但臣,1
況師命,1
雲屯雨,1
于征,1
光祿寺,1
齊備,1
候駕,1
侯武,1
王御駕,1
何德能,1
謝宴,1
別武王,1
陰陽越,1
金紫貴,1
王登寶,1
王祖,1
王季,1
列侯封,1
子周,1
子伯禽,1
侯于魯,1
孫伯益,1
佐禹平,1
呂侯,1
呂望超,1
封營丘,1
齊侯,1
侯九伯,1
周太保,1
封其子,1
北燕,1
封鎮,1
魏國,1
姬叔鮮,1
武庚封,1
汝寧,1
蔡縣,1
姬叔振鐸,1
姬叔武,1
封于霍,1
平陽府,1
康叔,1
封于衛,1
姬叔繡,1
章邱縣,1
唐叔虞,1
吳郡,1
子仲雍,1
仲雍之,1
吳君,1
封仲,1
于弘農,1
荊蠻,1
南郡枝,1
伯夷之,1
于叔,1
柏翳,1
封其後,1
武王念,1
于紀,1
曹姓,1
子晏安,1
奚仲,1
封微子,1
王之,1
王陶正,1
王實賴,1
封諸,1
虞帝祀,1
陳縣,1
唐帝,1
高麗,1
殷賢臣,1
範九疇,1
伯封,1
郜封,1
於濟陰,1
於賴川,1
戎封,1
陳留,1
芮封,1
馮翊,1
牟封,1
葛封,1
譚封,1
於濟北,1
滑封,1
邢封,1
於皮縣,1
徐封,1
舒封,1
於弋陽,1
厲封,1
於義陽,1
項封,1
於汝陰,1
於楚,1
於南陽,1
於城陽,1
周公,1
武王謂,1
謝賜賚,1
武王慰,1
恩義,1
玉帛,1
管仲,1
賴之,1
康公,1
田氏,1
王立,1
周公輔,1
周公贊,1
周公之,1
寶符,1
宗朝,1
和邦協,1
